全局费用编码,中文费用名称,英文费用名称,助记符,默认币种,默认应/免税,可选开票类型,所属费用分类,对应的服务,对应的供应商类型,对应的财务科目,需提供的单据,科目说明,收付方向,原系统编码,科目说明英文
FC0001,燃油附加,,FSC,CNY,应税,专票/普票,跨境运输费用,,船公司,,,燃油附加费的简称，由承运人收取以反映燃油价格变动的附加费用。,应付,,"Abbreviated form of fuel surcharge, collected by carriers to reflect fuel price fluctuations."
FC0002,紧急燃油附加费,,EBA,CNY,应税,专票/普票,跨境运输费用,,船公司,,,紧急燃油附加费，因燃油价格波动而收取的附加费用，通常由船公司根据燃油市场价格变化进行调整，以弥补燃油成本上涨带来的损失。在海运整柜出口中，这是最常见的附加费之一。,应付,SEA01010,"紧急燃油附加费, Fuel surcharge imposed due to fuel price fluctuations, typically adjusted by shipping lines based on fuel market price changes to offset losses from rising fuel costs."
FC0003,ONE燃油附加费,,OBS,CNY,应税,专票/普票,跨境运输费用,,船公司,,,ONE燃油附加费，因燃油价格波动而收取的附加费用，通常由船公司根据燃油市场价格变化进行调整，以弥补燃油成本上涨带来的损失。在海运整柜出口中，这是最常见的附加费之一。,应付,,"ONE燃油附加费, Fuel surcharge imposed due to fuel price fluctuations, typically adjusted by shipping lines based on fuel market price changes to offset losses from rising fuel costs."
FC0004,海运燃油附加,,MFR,CNY,应税,专票/普票,跨境运输费用,,船公司,,,海运燃油附加，燃油附加费的简称，由承运人收取以反映燃油价格变动的附加费用。,应付,,"海运燃油附加, Abbreviated form of fuel surcharge, collected by carriers to reflect fuel price fluctuations."
FC0005,燃油价格调整附加,,FAF,CNY,应税,专票/普票,跨境运输费用,,船公司/航空公司,,,燃油价格调整附加，跨境运输过程中产生的费用，具体收费标准和适用场景需根据实际业务情况确定。,应付,,"燃油价格调整附加, charges related to 跨境运输过程中产生的费用, specific rates and applicable scenarios depend on actual business conditions."
FC0006,加油调节因素,,BAF,CNY,应税,专票/普票,跨境运输费用,,船公司,,,BAF(Bunker Adjustment Factor)燃油调节因素，根据燃油价格变化调整的费用，通常以每TEU固定金额计算。,应付,"55729, SEA01001","BAF (Bunker Adjustment Factor), an adjustment fee based on fuel price changes, usually calculated as a fixed amount per TEU."
FC0007,燃油附加费,,TFSC,CNY,应税,专票/普票,跨境运输费用,,船公司,,,因燃油价格波动而收取的附加费用，通常由船公司根据燃油市场价格变化进行调整，以弥补燃油成本上涨带来的损失。在海运整柜出口中，这是最常见的附加费之一。,应付,SEAN0923,"Fuel surcharge imposed due to fuel price fluctuations, typically adjusted by shipping lines based on fuel market price changes to offset losses from rising fuel costs."
FC0008,燃油浮动调整附加费,,GBF,CNY,应税,专票/普票,跨境运输费用,,船公司/航空公司,,,燃油浮动调整附加费，跨境运输过程中产生的费用，具体收费标准和适用场景需根据实际业务情况确定。,应付,,"燃油浮动调整附加费, charges related to 跨境运输过程中产生的费用, specific rates and applicable scenarios depend on actual business conditions."
FC0009,联运燃油附加费,,IMS,CNY,应税,专票/普票,跨境运输费用,,船公司,,,联运燃油附加费，因燃油价格波动而收取的附加费用，通常由船公司根据燃油市场价格变化进行调整，以弥补燃油成本上涨带来的损失。在海运整柜出口中，这是最常见的附加费之一。,应付,,"联运燃油附加费, Fuel surcharge imposed due to fuel price fluctuations, typically adjusted by shipping lines based on fuel market price changes to offset losses from rising fuel costs."
FC0010,苏伊士运河附加费,,SCS,CNY,应税,专票/普票,跨境运输费用,,船公司/航空公司,,,苏伊士运河附加费，跨境运输过程中产生的费用，具体收费标准和适用场景需根据实际业务情况确定。,应付,,"苏伊士运河附加费, charges related to 跨境运输过程中产生的费用, specific rates and applicable scenarios depend on actual business conditions."
FC0011,巴拿马运河附加费,,PCTF,CNY,应税,专票/普票,跨境运输费用,,船公司/航空公司,,,巴拿马运河附加费，跨境运输过程中产生的费用，具体收费标准和适用场景需根据实际业务情况确定。,应付,55803,"巴拿马运河附加费, charges related to 跨境运输过程中产生的费用, specific rates and applicable scenarios depend on actual business conditions."
FC0012,洛杉矶转运火车通道费,,ACS,CNY,应税,专票/普票,跨境运输费用,,船公司/航空公司,,,洛杉矶转运火车通道费，跨境运输过程中产生的费用，具体收费标准和适用场景需根据实际业务情况确定。,应付,,"洛杉矶转运火车通道费, charges related to 跨境运输过程中产生的费用, specific rates and applicable scenarios depend on actual business conditions."
FC0013,跨境运费,,FRT,CNY,应税,专票/普票,特殊科目,,待确认,,,跨境运费相关的费用，具体概念和收费标准需根据实际业务需求进一步确认。,应付,55787,"Charges related to 跨境运费, specific concept and rates need further confirmation based on actual business requirements."
FC0014,基础运价附加费,,,CNY,应税,专票/普票,跨境运输费用,,船公司/航空公司,,,基础运价附加费，跨境运输过程中产生的费用，具体收费标准和适用场景需根据实际业务情况确定。,应付,,"基础运价附加费, charges related to 跨境运输过程中产生的费用, specific rates and applicable scenarios depend on actual business conditions."
FC0015,燃油附加（干线）,,FSC,CNY,应税,专票/普票,跨境运输费用,,船公司,,,燃油附加（干线），燃油附加费的简称，由承运人收取以反映燃油价格变动的附加费用。,应付,,"燃油附加（干线）, Abbreviated form of fuel surcharge, collected by carriers to reflect fuel price fluctuations."
FC0016,货币贬值附加费,,CAF,CNY,应税,专票/普票,跨境运输费用,,船公司/航空公司,,,货币贬值附加费，跨境运输过程中产生的费用，具体收费标准和适用场景需根据实际业务情况确定。,应付,SEA01011,"货币贬值附加费, charges related to 跨境运输过程中产生的费用, specific rates and applicable scenarios depend on actual business conditions."
FC0017,港口附加费,,PS,CNY,应税,专票/普票,跨境运输费用,,船公司/航空公司,,,港口附加费，跨境运输过程中产生的费用，具体收费标准和适用场景需根据实际业务情况确定。,应付,0023,"港口附加费, charges related to 跨境运输过程中产生的费用, specific rates and applicable scenarios depend on actual business conditions."
FC0018,低硫附加费,,LSS,CNY,应税,专票/普票,跨境运输费用,,船公司/航空公司,,,低硫附加费，跨境运输过程中产生的费用，具体收费标准和适用场景需根据实际业务情况确定。,应付,"55779   , 655229","低硫附加费, charges related to 跨境运输过程中产生的费用, specific rates and applicable scenarios depend on actual business conditions."
FC0019,环保附加费,Surabaya Channel Fee,SCF,CNY,应税,专票/普票,跨境运输费用,,船公司/航空公司,,,环保附加费，跨境运输过程中产生的费用，具体收费标准和适用场景需根据实际业务情况确定。,应付,55912,"环保附加费, charges related to 跨境运输过程中产生的费用, specific rates and applicable scenarios depend on actual business conditions."
FC0020,运河/通道附加费,,CSC,CNY,应税,专票/普票,跨境运输费用,,船公司/航空公司,,,运河/通道附加费，跨境运输过程中产生的费用，具体收费标准和适用场景需根据实际业务情况确定。,应付,,"运河/通道附加费, charges related to 跨境运输过程中产生的费用, specific rates and applicable scenarios depend on actual business conditions."
FC0021,安全附加费,,SSC,CNY,应税,专票/普票,跨境运输费用,,船公司/航空公司,,,安全附加费，跨境运输过程中产生的费用，具体收费标准和适用场景需根据实际业务情况确定。,应付,,"安全附加费, charges related to 跨境运输过程中产生的费用, specific rates and applicable scenarios depend on actual business conditions."
FC0022,危险品附加费,,DGS,CNY,应税,专票/普票,跨境运输费用,,船公司/航空公司,,,危险品附加费，跨境运输过程中产生的费用，具体收费标准和适用场景需根据实际业务情况确定。,应付,55788,"危险品附加费, charges related to 跨境运输过程中产生的费用, specific rates and applicable scenarios depend on actual business conditions."
FC0023,超重费,,OWC,CNY,应税,专票/普票,特殊科目,,待确认,,,超重费相关的费用，具体概念和收费标准需根据实际业务需求进一步确认。,应付,"AIR01003, 655256","Charges related to 超重费, specific concept and rates need further confirmation based on actual business requirements."
FC0024,超限费,,,CNY,应税,专票/普票,特殊科目,,待确认,,,超限费相关的费用，具体概念和收费标准需根据实际业务需求进一步确认。,应付,"55140   , 55140, 55249","Charges related to 超限费, specific concept and rates need further confirmation based on actual business requirements."
FC0025,战争附加费,,WAR,CNY,应税,专票/普票,跨境运输费用,,船公司/航空公司,,,战争附加费，跨境运输过程中产生的费用，具体收费标准和适用场景需根据实际业务情况确定。,应付,,"战争附加费, charges related to 跨境运输过程中产生的费用, specific rates and applicable scenarios depend on actual business conditions."
FC0026,船东安全费,,CSF,CNY,应税,专票/普票,特殊科目,,待确认,,,船东安全费相关的费用，具体概念和收费标准需根据实际业务需求进一步确认。,应付,,"Charges related to 船东安全费, specific concept and rates need further confirmation based on actual business requirements."
FC0027,船舶附加费,,,CNY,应税,专票/普票,跨境运输费用,,船公司/航空公司,,,船舶附加费，跨境运输过程中产生的费用，具体收费标准和适用场景需根据实际业务情况确定。,应付,,"船舶附加费, charges related to 跨境运输过程中产生的费用, specific rates and applicable scenarios depend on actual business conditions."
FC0028,其他费用,,,CNY,应税,专票/普票,特殊科目,,待确认,,,其他费用相关的费用，具体概念和收费标准需根据实际业务需求进一步确认。,应付,,"Charges related to 其他费用, specific concept and rates need further confirmation based on actual business requirements."
FC0029,改港费,,,CNY,应税,专票/普票,特殊科目,,待确认,,,改港费相关的费用，具体概念和收费标准需根据实际业务需求进一步确认。,应付,655234,"Charges related to 改港费, specific concept and rates need further confirmation based on actual business requirements."
FC0030,滞签费,,,CNY,应税,专票/普票,特殊科目,,待确认,,,滞签费相关的费用，具体概念和收费标准需根据实际业务需求进一步确认。,应付,55158,"Charges related to 滞签费, specific concept and rates need further confirmation based on actual business requirements."
FC0031,滞纳金,,,CNY,应税,专票/普票,特殊科目,,待确认,,,滞纳金相关的费用，具体概念和收费标准需根据实际业务需求进一步确认。,应付,55311,"Charges related to 滞纳金, specific concept and rates need further confirmation based on actual business requirements."
FC0032,合票费,,,CNY,应税,专票/普票,特殊科目,,待确认,,,合票费相关的费用，具体概念和收费标准需根据实际业务需求进一步确认。,应付,2223,"Charges related to 合票费, specific concept and rates need further confirmation based on actual business requirements."
FC0033,分票费,,,CNY,应税,专票/普票,特殊科目,,待确认,,,分票费相关的费用，具体概念和收费标准需根据实际业务需求进一步确认。,应付,"OPN057, OPN070, 55300","Charges related to 分票费, specific concept and rates need further confirmation based on actual business requirements."
FC0034,订舱费,,,CNY,应税,专票/普票,特殊科目,订舱,待确认,,,订舱费相关的费用，具体概念和收费标准需根据实际业务需求进一步确认。,应付,"SEAN090 , 55282","Charges related to 订舱费, specific concept and rates need further confirmation based on actual business requirements."
FC0035,改配费,,,CNY,应税,专票/普票,特殊科目,,待确认,,,改配费相关的费用，具体概念和收费标准需根据实际业务需求进一步确认。,应付,"655236  , 55784","Charges related to 改配费, specific concept and rates need further confirmation based on actual business requirements."
FC0036,条码费,,,CNY,应税,专票/普票,特殊科目,,待确认,,,条码费相关的费用，具体概念和收费标准需根据实际业务需求进一步确认。,应付,"55269   , 55269","Charges related to 条码费, specific concept and rates need further confirmation based on actual business requirements."
FC0037,补贴,,,CNY,应税,专票/普票,特殊科目,,待确认,,,补贴相关的费用，具体概念和收费标准需根据实际业务需求进一步确认。,应付,"55852   , 55181","Charges related to 补贴, specific concept and rates need further confirmation based on actual business requirements."
FC0038,加载费,,,CNY,应税,专票/普票,特殊科目,,待确认,,,加载费相关的费用，具体概念和收费标准需根据实际业务需求进一步确认。,应付,655242,"Charges related to 加载费, specific concept and rates need further confirmation based on actual business requirements."
FC0039,验货费,,,CNY,应税,专票/普票,特殊科目,质量控制,待确认,,,验货费相关的费用，具体概念和收费标准需根据实际业务需求进一步确认。,应付,OPN058,"Charges related to 验货费, specific concept and rates need further confirmation based on actual business requirements."
FC0040,日元贬值附加费,,YAS,CNY,应税,专票/普票,跨境运输费用,,船公司/航空公司,,,日元贬值附加费，跨境运输过程中产生的费用，具体收费标准和适用场景需根据实际业务情况确定。,应付,,"日元贬值附加费, charges related to 跨境运输过程中产生的费用, specific rates and applicable scenarios depend on actual business conditions."
FC0041,成本附加费,,CRS,CNY,应税,专票/普票,跨境运输费用,,船公司/航空公司,,,成本附加费，跨境运输过程中产生的费用，具体收费标准和适用场景需根据实际业务情况确定。,应付,,"成本附加费, charges related to 跨境运输过程中产生的费用, specific rates and applicable scenarios depend on actual business conditions."
FC0042,亚丁湾附加费,,AGS,CNY,应税,专票/普票,跨境运输费用,,船公司/航空公司,,,亚丁湾附加费，跨境运输过程中产生的费用，具体收费标准和适用场景需根据实际业务情况确定。,应付,,"亚丁湾附加费, charges related to 跨境运输过程中产生的费用, specific rates and applicable scenarios depend on actual business conditions."
FC0043,押运费,,,CNY,应税,专票/普票,特殊科目,,待确认,,,押运费相关的费用，具体概念和收费标准需根据实际业务需求进一步确认。,应付,55302,"Charges related to 押运费, specific concept and rates need further confirmation based on actual business requirements."
FC0044,紧急成本附加费,,ECRS,CNY,应税,专票/普票,跨境运输费用,,船公司/航空公司,,,紧急成本附加费，跨境运输过程中产生的费用，具体收费标准和适用场景需根据实际业务情况确定。,应付,SEA01013,"紧急成本附加费, charges related to 跨境运输过程中产生的费用, specific rates and applicable scenarios depend on actual business conditions."
FC0045,旺季附加费,,PSS,CNY,应税,专票/普票,跨境运输费用,,船公司/航空公司,,,旺季附加费，跨境运输过程中产生的费用，具体收费标准和适用场景需根据实际业务情况确定。,应付,SEA01016,"旺季附加费, charges related to 跨境运输过程中产生的费用, specific rates and applicable scenarios depend on actual business conditions."
FC0046,综合费率上涨附加费,,GRI,CNY,应税,专票/普票,跨境运输费用,,船公司/航空公司,,,综合费率上涨附加费，跨境运输过程中产生的费用，具体收费标准和适用场景需根据实际业务情况确定。,应付,SEA01017,"综合费率上涨附加费, charges related to 跨境运输过程中产生的费用, specific rates and applicable scenarios depend on actual business conditions."
FC0047,集装箱不平衡附加费,,CIC,CNY,应税,专票/普票,跨境运输费用,内装,船公司/航空公司,,,集装箱不平衡附加费，跨境运输过程中产生的费用，具体收费标准和适用场景需根据实际业务情况确定。,应付,"CIS, SEA01012","集装箱不平衡附加费, charges related to 跨境运输过程中产生的费用, specific rates and applicable scenarios depend on actual business conditions."
FC0048,运费恢复调整费,,RRI,CNY,应税,专票/普票,特殊科目,,待确认,,,运费恢复调整费相关的费用，具体概念和收费标准需根据实际业务需求进一步确认。,应付,,"Charges related to 运费恢复调整费, specific concept and rates need further confirmation based on actual business requirements."
FC0049,跨境运输费用,,,CNY,应税,专票/普票,特殊科目,,待确认,,,跨境运输费用相关的费用，具体概念和收费标准需根据实际业务需求进一步确认。,应付,,"Charges related to 跨境运输费用, specific concept and rates need further confirmation based on actual business requirements."
FC0050,集装箱费用,,,CNY,应税,专票/普票,装卸费用,内装,装箱队/货代,,,集装箱费用，将货物装入集装箱的服务费用，包括人工、设备使用等成本。,应付,,"集装箱费用, Container loading fee including labor and equipment costs for stuffing cargo into containers."
FC0051,集装箱租/售及使用费用,,,CNY,应税,专票/普票,集装箱费用,内装,船公司/箱东,,,集装箱租/售及使用费用，集装箱使用过程中产生的相关费用，具体收费标准和适用场景需根据实际业务情况确定。,应付,,"集装箱租/售及使用费用, charges related to 集装箱使用过程中产生的相关费用, specific rates and applicable scenarios depend on actual business conditions."
FC0052,租箱费,,,CNY,应税,专票/普票,集装箱费用,,船公司/箱东,,,集装箱超期使用费，当使用集装箱时间超过免费期限时产生的费用，通常按天计算。,应付,"55848   , 655177, 55177","Container rental fee for overtime usage when container usage exceeds the free time limit, usually calculated daily."
FC0053,调箱费,,,CNY,应税,专票/普票,集装箱费用,,船公司/箱东,,,调箱费，集装箱使用过程中产生的相关费用，具体收费标准和适用场景需根据实际业务情况确定。,应付,995,"调箱费, charges related to 集装箱使用过程中产生的相关费用, specific rates and applicable scenarios depend on actual business conditions."
FC0054,提箱费,,,CNY,应税,专票/普票,集装箱费用,,船公司/租箱公司,,,集装箱提取费用，在箱源短缺地区为调节供需平衡而收取的费用，用于覆盖供应商的额外调配成本。,应付,"55161   , 55732, 55160, 55161","Container pickup charge to balance supply and demand in areas with container shortage, covering additional repositioning costs."
FC0055,放箱费,,,CNY,应税,专票/普票,集装箱费用,,拖车公司/堆场,,,集装箱放置费，当箱子不能直接进港时，需要临时放置产生的费用。,应付,0061,Container drop-off fee when containers cannot be directly delivered to port and need temporary placement.
FC0056,押箱费,,,CNY,应税,专票/普票,集装箱费用,,船公司/箱东,,,押箱费，集装箱使用过程中产生的相关费用，具体收费标准和适用场景需根据实际业务情况确定。,应付,OPN059,"押箱费, charges related to 集装箱使用过程中产生的相关费用, specific rates and applicable scenarios depend on actual business conditions."
FC0057,售箱费,,,CNY,应税,专票/普票,集装箱费用,,船公司/箱东,,,售箱费，集装箱使用过程中产生的相关费用，具体收费标准和适用场景需根据实际业务情况确定。,应付,55819,"售箱费, charges related to 集装箱使用过程中产生的相关费用, specific rates and applicable scenarios depend on actual business conditions."
FC0058,购箱费,,,CNY,应税,专票/普票,集装箱费用,,船公司/箱东,,,购箱费，集装箱使用过程中产生的相关费用，具体收费标准和适用场景需根据实际业务情况确定。,应付,655176,"购箱费, charges related to 集装箱使用过程中产生的相关费用, specific rates and applicable scenarios depend on actual business conditions."
FC0059,指箱号费,,,CNY,应税,专票/普票,集装箱费用,,船公司/箱东,,,指箱号费，集装箱使用过程中产生的相关费用，具体收费标准和适用场景需根据实际业务情况确定。,应付,SEAN095,"指箱号费, charges related to 集装箱使用过程中产生的相关费用, specific rates and applicable scenarios depend on actual business conditions."
FC0060,铅封费,,,CNY,应税,专票/普票,集装箱费用,,码头/海关,,,集装箱铅封费用，为集装箱加装铅封以确保运输安全的费用。,应付,"CS001024, 1084, 55727",Container seal fee for installing seals to ensure transport security.
FC0061,集装箱服务费,,CHC,CNY,应税,专票/普票,集装箱费用,内装,船公司/箱东,,,集装箱服务费，集装箱使用过程中产生的相关费用，具体收费标准和适用场景需根据实际业务情况确定。,应付,SEA01108,"集装箱服务费, charges related to 集装箱使用过程中产生的相关费用, specific rates and applicable scenarios depend on actual business conditions."
FC0062,集装箱设备交接单费,,EIR/CMR,CNY,应税,专票/普票,集装箱费用,"内装,设备保护",船公司/箱东,,,集装箱设备交接单费，集装箱使用过程中产生的相关费用，具体收费标准和适用场景需根据实际业务情况确定。,应付,"CSN052, 655227, 55273","集装箱设备交接单费, charges related to 集装箱使用过程中产生的相关费用, specific rates and applicable scenarios depend on actual business conditions."
FC0063,箱使费,,,CNY,应税,专票/普票,集装箱费用,,船公司/箱东,,,箱使费，集装箱使用过程中产生的相关费用，具体收费标准和适用场景需根据实际业务情况确定。,应付,"55152, 55193","箱使费, charges related to 集装箱使用过程中产生的相关费用, specific rates and applicable scenarios depend on actual business conditions."
FC0064,套箱费,,,CNY,应税,专票/普票,集装箱费用,,船公司/箱东,,,套箱费，集装箱使用过程中产生的相关费用，具体收费标准和适用场景需根据实际业务情况确定。,应付,55266,"套箱费, charges related to 集装箱使用过程中产生的相关费用, specific rates and applicable scenarios depend on actual business conditions."
FC0065,集装箱维护费用,,,CNY,应税,专票/普票,集装箱费用,内装,船公司/箱东,,,集装箱维护费用，集装箱使用过程中产生的相关费用，具体收费标准和适用场景需根据实际业务情况确定。,应付,,"集装箱维护费用, charges related to 集装箱使用过程中产生的相关费用, specific rates and applicable scenarios depend on actual business conditions."
FC0066,洗箱费,,,CNY,应税,专票/普票,集装箱费用,,清洗服务商,,,集装箱清洗费，对集装箱进行专业清洗服务的费用，特别适用于运输食品、化学品等特殊货物后。,应付,"SEAN076 , 55194","Container cleaning fee for professional washing services, especially after transporting food, chemicals, or other special cargo."
FC0067,修箱费,,,CNY,应税,专票/普票,集装箱费用,,船公司/箱东,,,修箱费，集装箱使用过程中产生的相关费用，具体收费标准和适用场景需根据实际业务情况确定。,应付,"WMSN083 , 55751","修箱费, charges related to 集装箱使用过程中产生的相关费用, specific rates and applicable scenarios depend on actual business conditions."
FC0068,集装箱改装费,,,CNY,应税,专票/普票,集装箱费用,内装,船公司/箱东,,,集装箱改装费，集装箱使用过程中产生的相关费用，具体收费标准和适用场景需根据实际业务情况确定。,应付,655235,"集装箱改装费, charges related to 集装箱使用过程中产生的相关费用, specific rates and applicable scenarios depend on actual business conditions."
FC0069,代垫改装费,,,CNY,应税,专票/普票,集装箱费用,,船公司/箱东,,,代垫改装费，集装箱使用过程中产生的相关费用，具体收费标准和适用场景需根据实际业务情况确定。,应付,55199,"代垫改装费, charges related to 集装箱使用过程中产生的相关费用, specific rates and applicable scenarios depend on actual business conditions."
FC0070,箱检费,,,CNY,应税,专票/普票,集装箱费用,,船公司/箱东,,,箱检费，集装箱使用过程中产生的相关费用，具体收费标准和适用场景需根据实际业务情况确定。,应付,"0382, 55782","箱检费, charges related to 集装箱使用过程中产生的相关费用, specific rates and applicable scenarios depend on actual business conditions."
FC0071,港口/码头/场站作业费用,,,CNY,应税,专票/普票,码头/港口/场站费用,,码头/场站,,,港口/码头/场站作业费用，在码头、港口、场站进行作业时产生的费用，具体收费标准和适用场景需根据实际业务情况确定。,应付,,"港口/码头/场站作业费用, charges related to 在码头、港口、场站进行作业时产生的费用, specific rates and applicable scenarios depend on actual business conditions."
FC0072,港杂费,,,CNY,应税,专票/普票,码头/港口/场站费用,,码头/场站,,,港杂费，在码头、港口、场站进行作业时产生的费用，具体收费标准和适用场景需根据实际业务情况确定。,应付,"SEA01003, 0004, 20070701, 655258, 8011, 55774, 55305, 55197, OP009007","港杂费, charges related to 在码头、港口、场站进行作业时产生的费用, specific rates and applicable scenarios depend on actual business conditions."
FC0073,倒箱费,,,CNY,应税,专票/普票,集装箱费用,,船公司/箱东,,,倒箱费，集装箱使用过程中产生的相关费用，具体收费标准和适用场景需根据实际业务情况确定。,应付,0223,"倒箱费, charges related to 集装箱使用过程中产生的相关费用, specific rates and applicable scenarios depend on actual business conditions."
FC0074,掏箱费,,,CNY,应税,专票/普票,集装箱费用,,船公司/箱东,,,掏箱费，集装箱使用过程中产生的相关费用，具体收费标准和适用场景需根据实际业务情况确定。,应付,WMS01008,"掏箱费, charges related to 集装箱使用过程中产生的相关费用, specific rates and applicable scenarios depend on actual business conditions."
FC0075,预进港费,,,CNY,应税,专票/普票,特殊科目,,待确认,,,预进港费相关的费用，具体概念和收费标准需根据实际业务需求进一步确认。,应付,55308,"Charges related to 预进港费, specific concept and rates need further confirmation based on actual business requirements."
FC0076,进港费,,,CNY,应税,专票/普票,特殊科目,,待确认,,,进港费相关的费用，具体概念和收费标准需根据实际业务需求进一步确认。,应付,"655245  , 655247","Charges related to 进港费, specific concept and rates need further confirmation based on actual business requirements."
FC0077,吊装费,,,CNY,应税,专票/普票,码头/港口/场站费用,,码头/场站,,,吊装费，在码头、港口、场站进行作业时产生的费用，具体收费标准和适用场景需根据实际业务情况确定。,应付,SEA01042,"吊装费, charges related to 在码头、港口、场站进行作业时产生的费用, specific rates and applicable scenarios depend on actual business conditions."
FC0078,搬倒费,,,CNY,应税,专票/普票,码头/港口/场站费用,,码头/场站,,,搬倒费，在码头、港口、场站进行作业时产生的费用，具体收费标准和适用场景需根据实际业务情况确定。,应付,"WMSN088 , 0224","搬倒费, charges related to 在码头、港口、场站进行作业时产生的费用, specific rates and applicable scenarios depend on actual business conditions."
FC0079,危险品监护费,,,CNY,应税,专票/普票,特殊科目,,待确认,,,危险品监护费相关的费用，具体概念和收费标准需根据实际业务需求进一步确认。,应付,"55184   , 55184","Charges related to 危险品监护费, specific concept and rates need further confirmation based on actual business requirements."
FC0080,码头操作费,,THC,CNY,应税,专票/普票,码头/港口/场站费用,,码头/场站,,,THC(Terminal Handling Charges)，涵盖集装箱从船上到码头堆场或从码头堆场到船上的所有相关操作费用，包括装卸、堆存、绑扎等。,应付,55119,"THC (Terminal Handling Charges), covering all container operations from ship to terminal yard or vice versa, including loading/unloading, stacking, lashing."
FC0081,目的港码头操作费,,DTHC,CNY,应税,专票/普票,码头/港口/场站费用,清关,目的港码头,,,DTHC(Destination Terminal Handling Charges)，目的港集装箱码头装卸作业费，包括接收、堆放、搬运集装箱到指定位置的费用。,应付,"SEAN074 , 55119, SEA01010, 55156, OP009004","DTHC (Destination Terminal Handling Charges), fees for receiving, stacking, and moving containers at the destination port."
FC0082,启运港码头操作费,,OTHC,CNY,应税,专票/普票,码头/港口/场站费用,,启运港码头,,,OTHC(Original Terminal Handling Charges)，启运港码头操作费，覆盖起运港集装箱码头装卸作业的所有费用。,应付,"SEA01002, 55119, SEA01025","OTHC (Original Terminal Handling Charges), covering all container terminal handling operations at the origin port."
FC0083,落箱费,,,CNY,应税,专票/普票,集装箱费用,,船公司/箱东,,,落箱费，集装箱使用过程中产生的相关费用，具体收费标准和适用场景需根据实际业务情况确定。,应付,"55307, 655251, 655252","落箱费, charges related to 集装箱使用过程中产生的相关费用, specific rates and applicable scenarios depend on actual business conditions."
FC0084,场站费,,CFS,CNY,应税,专票/普票,码头/港口/场站费用,,码头/场站,,,场站费，在码头、港口、场站进行作业时产生的费用，具体收费标准和适用场景需根据实际业务情况确定。,应付,"WMS01012, 655254","场站费, charges related to 在码头、港口、场站进行作业时产生的费用, specific rates and applicable scenarios depend on actual business conditions."
FC0085,转栈费,,,CNY,应税,专票/普票,特殊科目,,待确认,,,转栈费相关的费用，具体概念和收费标准需根据实际业务需求进一步确认。,应付,SEA01074,"Charges related to 转栈费, specific concept and rates need further confirmation based on actual business requirements."
FC0086,内支线港杂费,,,CNY,应税,专票/普票,码头/港口/场站费用,驳船,码头/场站,,,内支线港杂费，在码头、港口、场站进行作业时产生的费用，具体收费标准和适用场景需根据实际业务情况确定。,应付,,"内支线港杂费, charges related to 在码头、港口、场站进行作业时产生的费用, specific rates and applicable scenarios depend on actual business conditions."
FC0087,安检费,,,CNY,应税,专票/普票,码头/港口/场站费用,,码头/场站,,,安检费，在码头、港口、场站进行作业时产生的费用，具体收费标准和适用场景需根据实际业务情况确定。,应付,WMS01009,"安检费, charges related to 在码头、港口、场站进行作业时产生的费用, specific rates and applicable scenarios depend on actual business conditions."
FC0088,代垫码头杂费,,,CNY,应税,专票/普票,码头/港口/场站费用,,码头/场站,,,代垫码头杂费，在码头、港口、场站进行作业时产生的费用，具体收费标准和适用场景需根据实际业务情况确定。,应付,55079,"代垫码头杂费, charges related to 在码头、港口、场站进行作业时产生的费用, specific rates and applicable scenarios depend on actual business conditions."
FC0089,代垫机场杂费,,,CNY,应税,专票/普票,特殊科目,,待确认,,,代垫机场杂费相关的费用，具体概念和收费标准需根据实际业务需求进一步确认。,应付,55847,"Charges related to 代垫机场杂费, specific concept and rates need further confirmation based on actual business requirements."
FC0090,代垫铁路箱站杂费,,,CNY,应税,专票/普票,集装箱费用,国内铁路,船公司/箱东,,,代垫铁路箱站杂费，集装箱使用过程中产生的相关费用，具体收费标准和适用场景需根据实际业务情况确定。,应付,55778,"代垫铁路箱站杂费, charges related to 集装箱使用过程中产生的相关费用, specific rates and applicable scenarios depend on actual business conditions."
FC0091,港口加急费,,,CNY,应税,专票/普票,码头/港口/场站费用,,码头/场站,,,港口加急费，在码头、港口、场站进行作业时产生的费用，具体收费标准和适用场景需根据实际业务情况确定。,应付,"OPN052  , 55716, 55190, OPN052","港口加急费, charges related to 在码头、港口、场站进行作业时产生的费用, specific rates and applicable scenarios depend on actual business conditions."
FC0092,港务费,,,CNY,应税,专票/普票,特殊科目,,待确认,,,港务费相关的费用，具体概念和收费标准需根据实际业务需求进一步确认。,应付,"CSN051  , CSN051","Charges related to 港务费, specific concept and rates need further confirmation based on actual business requirements."
FC0093,疏港费,,,CNY,应税,专票/普票,特殊科目,,待确认,,,疏港费相关的费用，具体概念和收费标准需根据实际业务需求进一步确认。,应付,"SEA01075, 55227","Charges related to 疏港费, specific concept and rates need further confirmation based on actual business requirements."
FC0094,三检费,,,CNY,应税,专票/普票,特殊科目,,待确认,,,三检费相关的费用，具体概念和收费标准需根据实际业务需求进一步确认。,应付,SEAN075,"Charges related to 三检费, specific concept and rates need further confirmation based on actual business requirements."
FC0095,磁检费,,,CNY,应税,专票/普票,特殊科目,,待确认,,,磁检费相关的费用，具体概念和收费标准需根据实际业务需求进一步确认。,应付,655226,"Charges related to 磁检费, specific concept and rates need further confirmation based on actual business requirements."
FC0096,漏装费,,,CNY,应税,专票/普票,特殊科目,,待确认,,,漏装费相关的费用，具体概念和收费标准需根据实际业务需求进一步确认。,应付,655250,"Charges related to 漏装费, specific concept and rates need further confirmation based on actual business requirements."
FC0097,码头堆存费,,,CNY,应税,专票/普票,仓储费用,仓储,堆场/码头,,,码头堆存费，货物或集装箱在指定场所堆放存储的费用，通常按时间计算。,应付,655260,"码头堆存费, Storage fee for cargo or containers at designated facilities, usually calculated by time period."
FC0098,机场地面补贴,,,CNY,应税,专票/普票,特殊科目,,待确认,,,机场地面补贴相关的费用，具体概念和收费标准需根据实际业务需求进一步确认。,应付,"55250   , 55250","Charges related to 机场地面补贴, specific concept and rates need further confirmation based on actual business requirements."
FC0099,代垫港府规费,,,CNY,应税,专票/普票,特殊科目,,待确认,,,代垫港府规费相关的费用，具体概念和收费标准需根据实际业务需求进一步确认。,应付,"55138   , 55138","Charges related to 代垫港府规费, specific concept and rates need further confirmation based on actual business requirements."
FC0100,机坪操作费,,,CNY,应税,专票/普票,特殊科目,,待确认,,,机坪操作费相关的费用，具体概念和收费标准需根据实际业务需求进一步确认。,应付,55304,"Charges related to 机坪操作费, specific concept and rates need further confirmation based on actual business requirements."
FC0101,港口/码头/场站设施费用,,,CNY,应税,专票/普票,码头/港口/场站费用,,码头/场站,,,港口/码头/场站设施费用，在码头、港口、场站进行作业时产生的费用，具体收费标准和适用场景需根据实际业务情况确定。,应付,,"港口/码头/场站设施费用, charges related to 在码头、港口、场站进行作业时产生的费用, specific rates and applicable scenarios depend on actual business conditions."
FC0102,港口设施保安费,,ISPS,CNY,应税,专票/普票,码头/港口/场站费用,,码头/场站,,,港口设施保安费，在码头、港口、场站进行作业时产生的费用，具体收费标准和适用场景需根据实际业务情况确定。,应付,"55254   , 55254","港口设施保安费, charges related to 在码头、港口、场站进行作业时产生的费用, specific rates and applicable scenarios depend on actual business conditions."
FC0103,制冷费,,,CNY,应税,专票/普票,特殊科目,,待确认,,,制冷费相关的费用，具体概念和收费标准需根据实际业务需求进一步确认。,应付,SEA01007,"Charges related to 制冷费, specific concept and rates need further confirmation based on actual business requirements."
FC0104,超期制冷费,,,CNY,应税,专票/普票,特殊科目,,待确认,,,超期制冷费相关的费用，具体概念和收费标准需根据实际业务需求进一步确认。,应付,SEA01034,"Charges related to 超期制冷费, specific concept and rates need further confirmation based on actual business requirements."
FC0105,场地使用费,,,CNY,应税,专票/普票,特殊科目,,待确认,,,场地使用费相关的费用，具体概念和收费标准需根据实际业务需求进一步确认。,应付,"55835   , CSN059","Charges related to 场地使用费, specific concept and rates need further confirmation based on actual business requirements."
FC0106,吊机费,,,CNY,应税,专票/普票,特殊科目,,待确认,,,吊机费相关的费用，具体概念和收费标准需根据实际业务需求进一步确认。,应付,SEA01057,"Charges related to 吊机费, specific concept and rates need further confirmation based on actual business requirements."
FC0107,基础设施费,,,CNY,应税,专票/普票,特殊科目,,待确认,,,基础设施费相关的费用，具体概念和收费标准需根据实际业务需求进一步确认。,应付,55315,"Charges related to 基础设施费, specific concept and rates need further confirmation based on actual business requirements."
FC0108,港口/码头/场站其他费用,,,CNY,应税,专票/普票,码头/港口/场站费用,,码头/场站,,,港口/码头/场站其他费用，在码头、港口、场站进行作业时产生的费用，具体收费标准和适用场景需根据实际业务情况确定。,应付,,"港口/码头/场站其他费用, charges related to 在码头、港口、场站进行作业时产生的费用, specific rates and applicable scenarios depend on actual business conditions."
FC0109,海运费,,OF,CNY,应税,专票/普票,跨境运输费用,,船公司,,,承运人承运货物的基本运输费用，是海运服务的核心收费项目，通常按集装箱规格和航线距离计算。,应付,"SEAN079, 0031","Basic ocean freight charges for cargo transportation, the core service fee calculated based on container specifications and route distance."
FC0110,空运费,,,CNY,应税,专票/普票,跨境运输费用,,船公司/航空公司,,,空运费，跨境运输过程中产生的费用，具体收费标准和适用场景需根据实际业务情况确定。,应付,AIR01001,"空运费, charges related to 跨境运输过程中产生的费用, specific rates and applicable scenarios depend on actual business conditions."
FC0111,铁路运费,,,CNY,应税,专票/普票,跨境运输费用,国内铁路,船公司/航空公司,,,铁路运费，跨境运输过程中产生的费用，具体收费标准和适用场景需根据实际业务情况确定。,应付,SEAN083,"铁路运费, charges related to 跨境运输过程中产生的费用, specific rates and applicable scenarios depend on actual business conditions."
FC0112,亏舱费/空舱费,,DF,CNY,应税,专票/普票,特殊科目,,待确认,,,亏舱费/空舱费相关的费用，具体概念和收费标准需根据实际业务需求进一步确认。,应付,"SEA01025, 655249","Charges related to 亏舱费/空舱费, specific concept and rates need further confirmation based on actual business requirements."
FC0113,跨境卡车运费,,,CNY,应税,专票/普票,特殊科目,,待确认,,,跨境卡车运费相关的费用，具体概念和收费标准需根据实际业务需求进一步确认。,应付,,"Charges related to 跨境卡车运费, specific concept and rates need further confirmation based on actual business requirements."
FC0114,上海码头费,,SPS,CNY,应税,专票/普票,码头/港口/场站费用,,码头/场站,,,上海码头费，在码头、港口、场站进行作业时产生的费用，具体收费标准和适用场景需根据实际业务情况确定。,应付,,"上海码头费, charges related to 在码头、港口、场站进行作业时产生的费用, specific rates and applicable scenarios depend on actual business conditions."
FC0115,港口拥挤附加费,,PCS,CNY,应税,专票/普票,跨境运输费用,,船公司/航空公司,,,港口拥挤附加费，跨境运输过程中产生的费用，具体收费标准和适用场景需根据实际业务情况确定。,应付,550006,"港口拥挤附加费, charges related to 跨境运输过程中产生的费用, specific rates and applicable scenarios depend on actual business conditions."
FC0116,天津码头费,,TTS,CNY,应税,专票/普票,码头/港口/场站费用,,码头/场站,,,天津码头费，在码头、港口、场站进行作业时产生的费用，具体收费标准和适用场景需根据实际业务情况确定。,应付,,"天津码头费, charges related to 在码头、港口、场站进行作业时产生的费用, specific rates and applicable scenarios depend on actual business conditions."
FC0117,货物设施费,,CFC,CNY,应税,专票/普票,特殊科目,,待确认,,,货物设施费相关的费用，具体概念和收费标准需根据实际业务需求进一步确认。,应付,,"Charges related to 货物设施费, specific concept and rates need further confirmation based on actual business requirements."
FC0118,码头附加费,,WF,CNY,应税,专票/普票,跨境运输费用,,船公司/航空公司,,,码头附加费，跨境运输过程中产生的费用，具体收费标准和适用场景需根据实际业务情况确定。,应付,"55278, 55308   , 55660","码头附加费, charges related to 跨境运输过程中产生的费用, specific rates and applicable scenarios depend on actual business conditions."
FC0119,港口/码头/场站费用,,,CNY,应税,专票/普票,码头/港口/场站费用,,码头/场站,,,港口/码头/场站费用，在码头、港口、场站进行作业时产生的费用，具体收费标准和适用场景需根据实际业务情况确定。,应付,,"港口/码头/场站费用, charges related to 在码头、港口、场站进行作业时产生的费用, specific rates and applicable scenarios depend on actual business conditions."
FC0120,装卸费用,,,CNY,应税,专票/普票,装卸费用,,装卸公司,,,装卸费用，货物装卸操作过程中产生的费用，具体收费标准和适用场景需根据实际业务情况确定。,应付,"55764, 55765, 55767, 20070703","装卸费用, charges related to 货物装卸操作过程中产生的费用, specific rates and applicable scenarios depend on actual business conditions."
FC0121,装货费用,,,CNY,应税,专票/普票,装卸费用,内装,装卸公司,,,装货费用，货物装卸操作过程中产生的费用，具体收费标准和适用场景需根据实际业务情况确定。,应付,,"装货费用, charges related to 货物装卸操作过程中产生的费用, specific rates and applicable scenarios depend on actual business conditions."
FC0122,理货费,,,CNY,应税,专票/普票,装卸费用,内装,装卸公司,,,理货费，货物装卸操作过程中产生的费用，具体收费标准和适用场景需根据实际业务情况确定。,应付,"WMS01002, 55722","理货费, charges related to 货物装卸操作过程中产生的费用, specific rates and applicable scenarios depend on actual business conditions."
FC0123,装箱费,,,CNY,应税,专票/普票,装卸费用,内装,装箱队/货代,,,将货物装入集装箱的服务费用，包括人工、设备使用等成本。,应付,"SEAN086 , 55762",Container loading fee including labor and equipment costs for stuffing cargo into containers.
FC0124,出库装卸费,,,CNY,应税,专票/普票,装卸费用,仓储,装卸公司,,,出库装卸费，货物装卸操作过程中产生的费用，具体收费标准和适用场景需根据实际业务情况确定。,应付,"WMS01015, CSN046","出库装卸费, charges related to 货物装卸操作过程中产生的费用, specific rates and applicable scenarios depend on actual business conditions."
FC0125,卸货费用,,,CNY,应税,专票/普票,装卸费用,,装卸公司,,,卸货费用，货物装卸操作过程中产生的费用，具体收费标准和适用场景需根据实际业务情况确定。,应付,,"卸货费用, charges related to 货物装卸操作过程中产生的费用, specific rates and applicable scenarios depend on actual business conditions."
FC0126,拆箱费,,,CNY,应税,专票/普票,集装箱费用,,船公司/箱东,,,拆箱费，集装箱使用过程中产生的相关费用，具体收费标准和适用场景需根据实际业务情况确定。,应付,"WMSN089 , 55226, 55307","拆箱费, charges related to 集装箱使用过程中产生的相关费用, specific rates and applicable scenarios depend on actual business conditions."
FC0127,入库装卸费,,,CNY,应税,专票/普票,装卸费用,仓储,装卸公司,,,入库装卸费，货物装卸操作过程中产生的费用，具体收费标准和适用场景需根据实际业务情况确定。,应付,WMS01016,"入库装卸费, charges related to 货物装卸操作过程中产生的费用, specific rates and applicable scenarios depend on actual business conditions."
FC0128,非跨境运输费用,,,CNY,应税,专票/普票,特殊科目,,待确认,,,非跨境运输费用相关的费用，具体概念和收费标准需根据实际业务需求进一步确认。,应付,,"Charges related to 非跨境运输费用, specific concept and rates need further confirmation based on actual business requirements."
FC0129,货物附加费用,,,CNY,应税,专票/普票,跨境运输费用,,船公司/航空公司,,,货物附加费用，跨境运输过程中产生的费用，具体收费标准和适用场景需根据实际业务情况确定。,应付,,"货物附加费用, charges related to 跨境运输过程中产生的费用, specific rates and applicable scenarios depend on actual business conditions."
FC0130,基本运输费用,,,CNY,应税,专票/普票,特殊科目,,待确认,,,基本运输费用相关的费用，具体概念和收费标准需根据实际业务需求进一步确认。,应付,,"Charges related to 基本运输费用, specific concept and rates need further confirmation based on actual business requirements."
FC0131,送货费,,,CNY,应税,专票/普票,境内运输费用,"拖车,派送",运输公司,,,送货费，境内运输过程中产生的各类费用，具体收费标准和适用场景需根据实际业务情况确定。,应付,"OP001004, 0007, 55272, 55145, 55200","送货费, charges related to 境内运输过程中产生的各类费用, specific rates and applicable scenarios depend on actual business conditions."
FC0132,提货费,,,CNY,应税,专票/普票,境内运输费用,拖车,运输公司,,,提货费，境内运输过程中产生的各类费用，具体收费标准和适用场景需根据实际业务情况确定。,应付,"OP001011, 05011105, 55201","提货费, charges related to 境内运输过程中产生的各类费用, specific rates and applicable scenarios depend on actual business conditions."
FC0133,陆运费,,,CNY,应税,专票/普票,境内运输费用,拖车,运输公司,,,货物通过公路运输产生的费用，包括车辆使用、燃油、人工等成本。,应付,"TR001012, 0039, 11002, 55275","Land transportation fee including vehicle usage, fuel, and labor costs for road transport."
FC0134,短驳费,,,CNY,应税,专票/普票,境内运输费用,拖车,运输公司,,,短驳费，境内运输过程中产生的各类费用，具体收费标准和适用场景需根据实际业务情况确定。,应付,TR001009,"短驳费, charges related to 境内运输过程中产生的各类费用, specific rates and applicable scenarios depend on actual business conditions."
FC0135,放空费/空返费,,,CNY,应税,专票/普票,特殊科目,,待确认,,,放空费/空返费相关的费用，具体概念和收费标准需根据实际业务需求进一步确认。,应付,"TR001003, 05011201, 8012, 55189","Charges related to 放空费/空返费, specific concept and rates need further confirmation based on actual business requirements."
FC0136,还箱费,,,CNY,应税,专票/普票,集装箱费用,,船公司/箱东,,,还箱费，集装箱使用过程中产生的相关费用，具体收费标准和适用场景需根据实际业务情况确定。,应付,655239,"还箱费, charges related to 集装箱使用过程中产生的相关费用, specific rates and applicable scenarios depend on actual business conditions."
FC0137,预提费,,,CNY,应税,专票/普票,特殊科目,,待确认,,,预提费相关的费用，具体概念和收费标准需根据实际业务需求进一步确认。,应付,55277,"Charges related to 预提费, specific concept and rates need further confirmation based on actual business requirements."
FC0138,快递费,,,CNY,应税,专票/普票,特殊科目,,待确认,,,快递费相关的费用，具体概念和收费标准需根据实际业务需求进一步确认。,应付,"OP001009, 655248","Charges related to 快递费, specific concept and rates need further confirmation based on actual business requirements."
FC0139,代垫快递费,,,CNY,应税,专票/普票,特殊科目,,待确认,,,代垫快递费相关的费用，具体概念和收费标准需根据实际业务需求进一步确认。,应付,55836,"Charges related to 代垫快递费, specific concept and rates need further confirmation based on actual business requirements."
FC0140,卡班转运费,,,CNY,应税,专票/普票,特殊科目,,待确认,,,卡班转运费相关的费用，具体概念和收费标准需根据实际业务需求进一步确认。,应付,"55180   , 55180, SEA01016","Charges related to 卡班转运费, specific concept and rates need further confirmation based on actual business requirements."
FC0141,分拨费,,,CNY,应税,专票/普票,特殊科目,,待确认,,,分拨费相关的费用，具体概念和收费标准需根据实际业务需求进一步确认。,应付,"OPN073  , OPN073","Charges related to 分拨费, specific concept and rates need further confirmation based on actual business requirements."
FC0142,内陆铁路转运费,,,CNY,应税,专票/普票,特殊科目,国内铁路,待确认,,,内陆铁路转运费相关的费用，具体概念和收费标准需根据实际业务需求进一步确认。,应付,55252,"Charges related to 内陆铁路转运费, specific concept and rates need further confirmation based on actual business requirements."
FC0143,多点提/送费,,,CNY,应税,专票/普票,特殊科目,,待确认,,,多点提/送费相关的费用，具体概念和收费标准需根据实际业务需求进一步确认。,应付,TR001014,"Charges related to 多点提/送费, specific concept and rates need further confirmation based on actual business requirements."
FC0144,国内空运费,,,CNY,应税,专票/普票,跨境运输费用,,船公司/航空公司,,,国内空运费，跨境运输过程中产生的费用，具体收费标准和适用场景需根据实际业务情况确定。,应付,55850,"国内空运费, charges related to 跨境运输过程中产生的费用, specific rates and applicable scenarios depend on actual business conditions."
FC0145,到付运费,,,CNY,应税,专票/普票,特殊科目,,待确认,,,到付运费相关的费用，具体概念和收费标准需根据实际业务需求进一步确认。,应付,OP001007,"Charges related to 到付运费, specific concept and rates need further confirmation based on actual business requirements."
FC0146,回程配货费,,,CNY,应税,专票/普票,特殊科目,,待确认,,,回程配货费相关的费用，具体概念和收费标准需根据实际业务需求进一步确认。,应付,55081,"Charges related to 回程配货费, specific concept and rates need further confirmation based on actual business requirements."
FC0147,异地还拖板费,,,CNY,应税,专票/普票,特殊科目,,待确认,,,异地还拖板费相关的费用，具体概念和收费标准需根据实际业务需求进一步确认。,应付,655238,"Charges related to 异地还拖板费, specific concept and rates need further confirmation based on actual business requirements."
FC0148,支线运费,,,CNY,应税,专票/普票,特殊科目,驳船,待确认,,,支线运费相关的费用，具体概念和收费标准需根据实际业务需求进一步确认。,应付,"55783, HY202301","Charges related to 支线运费, specific concept and rates need further confirmation based on actual business requirements."
FC0149,其他附加费用,,,CNY,应税,专票/普票,跨境运输费用,,船公司/航空公司,,,其他附加费用，跨境运输过程中产生的费用，具体收费标准和适用场景需根据实际业务情况确定。,应付,,"其他附加费用, charges related to 跨境运输过程中产生的费用, specific rates and applicable scenarios depend on actual business conditions."
FC0150,自有车辆费用,,,CNY,应税,专票/普票,特殊科目,,待确认,,,自有车辆费用相关的费用，具体概念和收费标准需根据实际业务需求进一步确认。,应付,,"Charges related to 自有车辆费用, specific concept and rates need further confirmation based on actual business requirements."
FC0151,停车费,,,CNY,应税,专票/普票,境内运输费用,,运输公司,,,停车费，境内运输过程中产生的各类费用，具体收费标准和适用场景需根据实际业务情况确定。,应付,SEA01119,"停车费, charges related to 境内运输过程中产生的各类费用, specific rates and applicable scenarios depend on actual business conditions."
FC0152,油费,,,CNY,应税,专票/普票,境内运输费用,,运输公司,,,油费，境内运输过程中产生的各类费用，具体收费标准和适用场景需根据实际业务情况确定。,应付,TRN082,"油费, charges related to 境内运输过程中产生的各类费用, specific rates and applicable scenarios depend on actual business conditions."
FC0153,待时费,,,CNY,应税,专票/普票,境内运输费用,,运输公司,,,待时费，境内运输过程中产生的各类费用，具体收费标准和适用场景需根据实际业务情况确定。,应付,"TR001010, 7000","待时费, charges related to 境内运输过程中产生的各类费用, specific rates and applicable scenarios depend on actual business conditions."
FC0154,押夜费,,,CNY,应税,专票/普票,特殊科目,,待确认,,,押夜费相关的费用，具体概念和收费标准需根据实际业务需求进一步确认。,应付,TRN083,"Charges related to 押夜费, specific concept and rates need further confirmation based on actual business requirements."
FC0155,过路过桥费,,,CNY,应税,专票/普票,境内运输费用,,运输公司,,,过路过桥费，境内运输过程中产生的各类费用，具体收费标准和适用场景需根据实际业务情况确定。,应付,TRN081,"过路过桥费, charges related to 境内运输过程中产生的各类费用, specific rates and applicable scenarios depend on actual business conditions."
FC0156,卡车航班服务费,,,CNY,应税,专票/普票,特殊科目,,待确认,,,卡车航班服务费相关的费用，具体概念和收费标准需根据实际业务需求进一步确认。,应付,55856,"Charges related to 卡车航班服务费, specific concept and rates need further confirmation based on actual business requirements."
FC0157,代驾服务费,,,CNY,应税,专票/普票,特殊科目,,待确认,,,代驾服务费相关的费用，具体概念和收费标准需根据实际业务需求进一步确认。,应付,55313,"Charges related to 代驾服务费, specific concept and rates need further confirmation based on actual business requirements."
FC0158,车货配载服务费,,,CNY,应税,专票/普票,特殊科目,,待确认,,,车货配载服务费相关的费用，具体概念和收费标准需根据实际业务需求进一步确认。,应付,55855,"Charges related to 车货配载服务费, specific concept and rates need further confirmation based on actual business requirements."
FC0159,自有车辆折旧费,,,CNY,应税,专票/普票,特殊科目,,待确认,,,自有车辆折旧费相关的费用，具体概念和收费标准需根据实际业务需求进一步确认。,应付,55162,"Charges related to 自有车辆折旧费, specific concept and rates need further confirmation based on actual business requirements."
FC0160,自有车辆保险费,,,CNY,应税,专票/普票,保险费用,保险,保险公司,,,自有车辆保险费，为货物运输过程提供风险保障的费用，承保运输途中的各类损失。,应付,55163,"自有车辆保险费, Insurance premium for cargo protection during transport, covering various losses during transit."
FC0161,自有车辆维修保养费,,,CNY,应税,专票/普票,特殊科目,,待确认,,,自有车辆维修保养费相关的费用，具体概念和收费标准需根据实际业务需求进一步确认。,应付,55165,"Charges related to 自有车辆维修保养费, specific concept and rates need further confirmation based on actual business requirements."
FC0162,车辆管理费用,,,CNY,应税,专票/普票,特殊科目,,待确认,,,车辆管理费用相关的费用，具体概念和收费标准需根据实际业务需求进一步确认。,应付,TR001001,"Charges related to 车辆管理费用, specific concept and rates need further confirmation based on actual business requirements."
FC0163,保险费,,,CNY,应税,专票/普票,保险费用,保险,保险公司,,,为货物运输过程提供风险保障的费用，承保运输途中的各类损失。,应付,,"Insurance premium for cargo protection during transport, covering various losses during transit."
FC0164,关检费用,,,CNY,应税,专票/普票,特殊科目,,待确认,,,关检费用相关的费用，具体概念和收费标准需根据实际业务需求进一步确认。,应付,,"Charges related to 关检费用, specific concept and rates need further confirmation based on actual business requirements."
FC0165,关检常规服务费,,,CNY,应税,专票/普票,特殊科目,,待确认,,,关检常规服务费相关的费用，具体概念和收费标准需根据实际业务需求进一步确认。,应付,,"Charges related to 关检常规服务费, specific concept and rates need further confirmation based on actual business requirements."
FC0166,保税相关费用,,,CNY,应税,专票/普票,特殊科目,,待确认,,,保税相关费用相关的费用，具体概念和收费标准需根据实际业务需求进一步确认。,应付,,"Charges related to 保税相关费用, specific concept and rates need further confirmation based on actual business requirements."
FC0167,保税核注清单出口费,,,CNY,应税,专票/普票,特殊科目,,待确认,,,保税核注清单出口费相关的费用，具体概念和收费标准需根据实际业务需求进一步确认。,应付,"55256   , 55256","Charges related to 保税核注清单出口费, specific concept and rates need further confirmation based on actual business requirements."
FC0168,保税核注清单申报费,,,CNY,应税,专票/普票,单证文件费用,"报关,舱单",船公司/代理,,,保税核注清单申报费，单证文件制作、传输、申报等产生的费用，具体收费标准和适用场景需根据实际业务情况确定。,应付,55312,"保税核注清单申报费, charges related to 单证文件制作、传输、申报等产生的费用, specific rates and applicable scenarios depend on actual business conditions."
FC0169,剪锁费,,,CNY,应税,专票/普票,特殊科目,,待确认,,,剪锁费相关的费用，具体概念和收费标准需根据实际业务需求进一步确认。,应付,55903,"Charges related to 剪锁费, specific concept and rates need further confirmation based on actual business requirements."
FC0170,监管区车辆管理费,,,CNY,应税,专票/普票,特殊科目,,待确认,,,监管区车辆管理费相关的费用，具体概念和收费标准需根据实际业务需求进一步确认。,应付,"55159   , 55159","Charges related to 监管区车辆管理费, specific concept and rates need further confirmation based on actual business requirements."
FC0171,卡口使用费,,,CNY,应税,专票/普票,特殊科目,,待确认,,,卡口使用费相关的费用，具体概念和收费标准需根据实际业务需求进一步确认。,应付,"CS002001, 55719","Charges related to 卡口使用费, specific concept and rates need further confirmation based on actual business requirements."
FC0172,电子账册使用费,,,CNY,应税,专票/普票,特殊科目,,待确认,,,电子账册使用费相关的费用，具体概念和收费标准需根据实际业务需求进一步确认。,应付,WMS01020,"Charges related to 电子账册使用费, specific concept and rates need further confirmation based on actual business requirements."
FC0173,代垫进出区杂费,,,CNY,应税,专票/普票,特殊科目,,待确认,,,代垫进出区杂费相关的费用，具体概念和收费标准需根据实际业务需求进一步确认。,应付,55095,"Charges related to 代垫进出区杂费, specific concept and rates need further confirmation based on actual business requirements."
FC0174,保税核注清单进口费,,,CNY,应税,专票/普票,特殊科目,,待确认,,,保税核注清单进口费相关的费用，具体概念和收费标准需根据实际业务需求进一步确认。,应付,55255,"Charges related to 保税核注清单进口费, specific concept and rates need further confirmation based on actual business requirements."
FC0175,关检增值服务及异常处置,,,CNY,应税,专票/普票,特殊科目,,待确认,,,关检增值服务及异常处置相关的费用，具体概念和收费标准需根据实际业务需求进一步确认。,应付,,"Charges related to 关检增值服务及异常处置, specific concept and rates need further confirmation based on actual business requirements."
FC0176,滞报金,,,CNY,应税,专票/普票,关检费用,,报关行/海关,,,滞报金，报关报检及海关监管相关的费用，具体收费标准和适用场景需根据实际业务情况确定。,应付,CS001015,"滞报金, charges related to 报关报检及海关监管相关的费用, specific rates and applicable scenarios depend on actual business conditions."
FC0177,退关费,,,CNY,应税,专票/普票,关检费用,,报关行/海关,,,退关费，报关报检及海关监管相关的费用，具体收费标准和适用场景需根据实际业务情况确定。,应付,"CSN037  , CSN037","退关费, charges related to 报关报检及海关监管相关的费用, specific rates and applicable scenarios depend on actual business conditions."
FC0178,关检罚款,,,CNY,应税,专票/普票,特殊科目,,待确认,,,关检罚款相关的费用，具体概念和收费标准需根据实际业务需求进一步确认。,应付,CQN002,"Charges related to 关检罚款, specific concept and rates need further confirmation based on actual business requirements."
FC0179,查验拖车费,,,CNY,应税,专票/普票,境内运输费用,"拖车,报关",拖车公司,,,查验拖车费，集装箱在陆地的短途运输费用，连接港口码头与货主工厂/仓库，是多式联运的重要环节。,应付,"CQ001011, 55281","查验拖车费, Container drayage fee for short-distance land transport connecting ports with shipper facilities, crucial for multimodal transport."
FC0180,关检查验费,,,CNY,应税,专票/普票,关检费用,"报关,质量控制",报关行/海关,,,关检查验费，报关报检及海关监管相关的费用，具体收费标准和适用场景需根据实际业务情况确定。,应付,"55825   , 655230","关检查验费, charges related to 报关报检及海关监管相关的费用, specific rates and applicable scenarios depend on actual business conditions."
FC0181,代垫查验费用,,,CNY,应税,专票/普票,关检费用,报关,报关行/海关,,,代垫查验费用，报关报检及海关监管相关的费用，具体收费标准和适用场景需根据实际业务情况确定。,应付,CQ001015,"代垫查验费用, charges related to 报关报检及海关监管相关的费用, specific rates and applicable scenarios depend on actual business conditions."
FC0182,代垫手续费,,,CNY,应税,专票/普票,特殊科目,,待确认,,,代垫手续费相关的费用，具体概念和收费标准需根据实际业务需求进一步确认。,应付,"55123   , 55123, 55306","Charges related to 代垫手续费, specific concept and rates need further confirmation based on actual business requirements."
FC0183,重开进场联,,,CNY,应税,专票/普票,特殊科目,,待确认,,,重开进场联相关的费用，具体概念和收费标准需根据实际业务需求进一步确认。,应付,55279,"Charges related to 重开进场联, specific concept and rates need further confirmation based on actual business requirements."
FC0184,垫税代理,,,CNY,应税,专票/普票,特殊科目,,待确认,,,垫税代理相关的费用，具体概念和收费标准需根据实际业务需求进一步确认。,应付,OPN071,"Charges related to 垫税代理, specific concept and rates need further confirmation based on actual business requirements."
FC0185,关检保证金,,,CNY,应税,专票/普票,特殊科目,,待确认,,,关检保证金相关的费用，具体概念和收费标准需根据实际业务需求进一步确认。,应付,,"Charges related to 关检保证金, specific concept and rates need further confirmation based on actual business requirements."
FC0186,税费,,,CNY,应税,专票/普票,特殊科目,,待确认,,,税费相关的费用，具体概念和收费标准需根据实际业务需求进一步确认。,应付,,"Charges related to 税费, specific concept and rates need further confirmation based on actual business requirements."
FC0187,消费税,,,CNY,应税,专票/普票,特殊科目,,待确认,,,消费税相关的费用，具体概念和收费标准需根据实际业务需求进一步确认。,应付,CS001030,"Charges related to 消费税, specific concept and rates need further confirmation based on actual business requirements."
FC0188,反倾销税,,,CNY,应税,专票/普票,特殊科目,,待确认,,,反倾销税相关的费用，具体概念和收费标准需根据实际业务需求进一步确认。,应付,CS001031,"Charges related to 反倾销税, specific concept and rates need further confirmation based on actual business requirements."
FC0189,内销补税,,,CNY,应税,专票/普票,特殊科目,,待确认,,,内销补税相关的费用，具体概念和收费标准需根据实际业务需求进一步确认。,应付,"OPN062  , OPN062","Charges related to 内销补税, specific concept and rates need further confirmation based on actual business requirements."
FC0190,美国海关保证金（单次）,,,CNY,应税,专票/普票,关检费用,,报关行/海关,,,美国海关保证金（单次），报关报检及海关监管相关的费用，具体收费标准和适用场景需根据实际业务情况确定。,应付,"55233, 55664","美国海关保证金（单次）, charges related to 报关报检及海关监管相关的费用, specific rates and applicable scenarios depend on actual business conditions."
FC0191,美国海关保证金（年度）,,,CNY,应税,专票/普票,关检费用,,报关行/海关,,,美国海关保证金（年度），报关报检及海关监管相关的费用，具体收费标准和适用场景需根据实际业务情况确定。,应付,"55232, 55664","美国海关保证金（年度）, charges related to 报关报检及海关监管相关的费用, specific rates and applicable scenarios depend on actual business conditions."
FC0192,报关费,,,CNY,应税,专票/普票,关检费用,报关,报关行,,,委托报关行办理货物出口报关手续的服务费用，包括单证审核、报关单填制、与海关沟通等专业服务。,应付,"CS001001, 550006, 55312","Customs clearance service fee for export procedures, including document review, declaration preparation, and customs communication."
FC0193,转关费,,,CNY,应税,专票/普票,关检费用,报关,报关行,,,货物在转关运输过程中产生的费用，适用于从一个关区转移到另一个关区的货物。,应付,CS001028,Transit customs fee for goods moving from one customs territory to another.
FC0194,报检费,,,CNY,应税,专票/普票,关检费用,报关,报关行/海关,,,报检费，报关报检及海关监管相关的费用，具体收费标准和适用场景需根据实际业务情况确定。,应付,"CQN003  , 55777, 55301","报检费, charges related to 报关报检及海关监管相关的费用, specific rates and applicable scenarios depend on actual business conditions."
FC0195,动检费,,,CNY,应税,专票/普票,特殊科目,,待确认,,,动检费相关的费用，具体概念和收费标准需根据实际业务需求进一步确认。,应付,0058,"Charges related to 动检费, specific concept and rates need further confirmation based on actual business requirements."
FC0196,植物检疫费,,,CNY,应税,专票/普票,特殊科目,,待确认,,,植物检疫费相关的费用，具体概念和收费标准需根据实际业务需求进一步确认。,应付,0091,"Charges related to 植物检疫费, specific concept and rates need further confirmation based on actual business requirements."
FC0197,关税,,CD,CNY,应税,专票/普票,关检费用,报关,海关,,,海关对进出口商品征收的税收，根据商品类别和税率计算。,应付,CS001005,Import/export duties levied by customs authorities based on commodity classification and tax rates.
FC0198,增值税,,,CNY,应税,专票/普票,关检费用,报关,报关行/海关,,,增值税，报关报检及海关监管相关的费用，具体收费标准和适用场景需根据实际业务情况确定。,应付,"CS001014, 55772, SEA01010","增值税, charges related to 报关报检及海关监管相关的费用, specific rates and applicable scenarios depend on actual business conditions."
FC0199,印花税,,,CNY,应税,专票/普票,特殊科目,,待确认,,,印花税相关的费用，具体概念和收费标准需根据实际业务需求进一步确认。,应付,55182,"Charges related to 印花税, specific concept and rates need further confirmation based on actual business requirements."
FC0200,仓储费用,,,CNY,应税,专票/普票,仓储费用,仓储,仓储公司,,,仓储费用，货物在仓库存储期间产生的费用，包括存储、保管、装卸等服务。,应付,,"仓储费用, Warehouse storage fee including storage, custody, and handling services during the storage period."
FC0201,仓库运作成本,,,CNY,应税,专票/普票,仓储费用,,仓储公司,,,仓库运作成本，货物仓储保管过程中产生的费用，具体收费标准和适用场景需根据实际业务情况确定。,应付,,"仓库运作成本, charges related to 货物仓储保管过程中产生的费用, specific rates and applicable scenarios depend on actual business conditions."
FC0202,前置仓费,,,CNY,应税,专票/普票,特殊科目,,待确认,,,前置仓费相关的费用，具体概念和收费标准需根据实际业务需求进一步确认。,应付,55905,"Charges related to 前置仓费, specific concept and rates need further confirmation based on actual business requirements."
FC0203,库前服务费,,,CNY,应税,专票/普票,仓储费用,仓储,仓储公司,,,库前服务费，货物仓储保管过程中产生的费用，具体收费标准和适用场景需根据实际业务情况确定。,应付,55853,"库前服务费, charges related to 货物仓储保管过程中产生的费用, specific rates and applicable scenarios depend on actual business conditions."
FC0204,出入库费,,,CNY,应税,专票/普票,装卸费用,仓储,装卸公司,,,出入库费，货物装卸操作过程中产生的费用，具体收费标准和适用场景需根据实际业务情况确定。,应付,WMS01001,"出入库费, charges related to 货物装卸操作过程中产生的费用, specific rates and applicable scenarios depend on actual business conditions."
FC0205,代垫进出库杂费,,,CNY,应税,专票/普票,装卸费用,仓储,装卸公司,,,代垫进出库杂费，货物装卸操作过程中产生的费用，具体收费标准和适用场景需根据实际业务情况确定。,应付,55080,"代垫进出库杂费, charges related to 货物装卸操作过程中产生的费用, specific rates and applicable scenarios depend on actual business conditions."
FC0206,入库登记费,,,CNY,应税,专票/普票,装卸费用,仓储,装卸公司,,,入库登记费，货物装卸操作过程中产生的费用，具体收费标准和适用场景需根据实际业务情况确定。,应付,55781,"入库登记费, charges related to 货物装卸操作过程中产生的费用, specific rates and applicable scenarios depend on actual business conditions."
FC0207,仓储费,,,CNY,应税,专票/普票,仓储费用,仓储,仓储公司,,,货物在仓库存储期间产生的费用，包括存储、保管、装卸等服务。,应付,"WMS01005, 655255, 55129, 55780, 20070702, 55667, 55669, 55670","Warehouse storage fee including storage, custody, and handling services during the storage period."
FC0208,房租费,,,CNY,应税,专票/普票,特殊科目,,待确认,,,房租费相关的费用，具体概念和收费标准需根据实际业务需求进一步确认。,应付,"WMS01018, 55116","Charges related to 房租费, specific concept and rates need further confirmation based on actual business requirements."
FC0209,公共事业费用,,,CNY,应税,专票/普票,特殊科目,,待确认,,,公共事业费用相关的费用，具体概念和收费标准需根据实际业务需求进一步确认。,应付,,"Charges related to 公共事业费用, specific concept and rates need further confirmation based on actual business requirements."
FC0210,水费,,,CNY,应税,专票/普票,特殊科目,,待确认,,,水费相关的费用，具体概念和收费标准需根据实际业务需求进一步确认。,应付,55908,"Charges related to 水费, specific concept and rates need further confirmation based on actual business requirements."
FC0211,电费,,,CNY,应税,专票/普票,特殊科目,,待确认,,,电费相关的费用，具体概念和收费标准需根据实际业务需求进一步确认。,应付,WMS01014,"Charges related to 电费, specific concept and rates need further confirmation based on actual business requirements."
FC0212,网费,,,CNY,应税,专票/普票,特殊科目,,待确认,,,网费相关的费用，具体概念和收费标准需根据实际业务需求进一步确认。,应付,,"Charges related to 网费, specific concept and rates need further confirmation based on actual business requirements."
FC0213,物业费,,,CNY,应税,专票/普票,特殊科目,,待确认,,,物业费相关的费用，具体概念和收费标准需根据实际业务需求进一步确认。,应付,"55133   , 55133","Charges related to 物业费, specific concept and rates need further confirmation based on actual business requirements."
FC0214,保洁费,,,CNY,应税,专票/普票,特殊科目,,待确认,,,保洁费相关的费用，具体概念和收费标准需根据实际业务需求进一步确认。,应付,"55139   , 55139","Charges related to 保洁费, specific concept and rates need further confirmation based on actual business requirements."
FC0215,单证文件费,,,CNY,应税,专票/普票,单证文件费用,,船公司/代理,,,单证文件费，单证文件制作、传输、申报等产生的费用，具体收费标准和适用场景需根据实际业务情况确定。,应付,,"单证文件费, charges related to 单证文件制作、传输、申报等产生的费用, specific rates and applicable scenarios depend on actual business conditions."
FC0216,单证文件制作及使用费,,,CNY,应税,专票/普票,单证文件费用,,船公司/代理,,,单证文件制作及使用费，单证文件制作、传输、申报等产生的费用，具体收费标准和适用场景需根据实际业务情况确定。,应付,,"单证文件制作及使用费, charges related to 单证文件制作、传输、申报等产生的费用, specific rates and applicable scenarios depend on actual business conditions."
FC0217,海运单费,,,CNY,应税,专票/普票,特殊科目,,待确认,,,海运单费相关的费用，具体概念和收费标准需根据实际业务需求进一步确认。,应付,SEA01023,"Charges related to 海运单费, specific concept and rates need further confirmation based on actual business requirements."
FC0218,换单费,,,CNY,应税,专票/普票,单证文件费用,换单,船代/目的港代理,,,在目的港用海运提单换取提货单的服务费用，获得提取货物的权利。,应付,"OP001002, OPN063, 55214, OPN064",Fee for exchanging ocean bill of lading for delivery order at destination port to obtain cargo release rights.
FC0219,代垫换单费,,,CNY,应税,专票/普票,单证文件费用,换单,船代/目的港代理,,,代垫换单费，在目的港用海运提单换取提货单的服务费用，获得提取货物的权利。,应付,55829,"代垫换单费, Fee for exchanging ocean bill of lading for delivery order at destination port to obtain cargo release rights."
FC0220,船证费,,,CNY,应税,专票/普票,特殊科目,,待确认,,,船证费相关的费用，具体概念和收费标准需根据实际业务需求进一步确认。,应付,SEAN096,"Charges related to 船证费, specific concept and rates need further confirmation based on actual business requirements."
FC0221,文件费/制单费,,,CNY,应税,专票/普票,单证文件费用,,船公司/代理,,,文件费/制单费，单证文件制作、传输、申报等产生的费用，具体收费标准和适用场景需根据实际业务情况确定。,应付,"OP009001/OP001018, 05011107, 55151, OP001018, SEA01006","文件费/制单费, charges related to 单证文件制作、传输、申报等产生的费用, specific rates and applicable scenarios depend on actual business conditions."
FC0222,电放费,,,CNY,应税,专票/普票,单证文件费用,换单,船公司,,,电子放货费，通过电子方式放货而非纸质提单的服务费用。,应付,"OP009001/OP001018, 05011107, 55151, OP001018, SEA01005",Electronic release fee for cargo release via electronic means instead of paper bill of lading.
FC0223,出口许可证,,,CNY,应税,专票/普票,单证文件费用,,船公司/代理,,,出口许可证，单证文件制作、传输、申报等产生的费用，具体收费标准和适用场景需根据实际业务情况确定。,应付,"OP009001/OP001018, 05011107, 55151, OP001018","出口许可证, charges related to 单证文件制作、传输、申报等产生的费用, specific rates and applicable scenarios depend on actual business conditions."
FC0224,进口许可证,,,CNY,应税,专票/普票,单证文件费用,,船公司/代理,,,进口许可证，单证文件制作、传输、申报等产生的费用，具体收费标准和适用场景需根据实际业务情况确定。,应付,"OP009001/OP001018, 05011107, 55151, OP001018","进口许可证, charges related to 单证文件制作、传输、申报等产生的费用, specific rates and applicable scenarios depend on actual business conditions."
FC0225,签证费,,,CNY,应税,专票/普票,单证文件费用,,船公司/代理,,,签证费，单证文件制作、传输、申报等产生的费用，具体收费标准和适用场景需根据实际业务情况确定。,应付,55820,"签证费, charges related to 单证文件制作、传输、申报等产生的费用, specific rates and applicable scenarios depend on actual business conditions."
FC0226,电子装箱单,,,CNY,应税,专票/普票,集装箱费用,内装,船公司/箱东,,,电子装箱单，集装箱使用过程中产生的相关费用，具体收费标准和适用场景需根据实际业务情况确定。,应付,SY55001,"电子装箱单, charges related to 集装箱使用过程中产生的相关费用, specific rates and applicable scenarios depend on actual business conditions."
FC0227,3C代理费,,,CNY,应税,专票/普票,特殊科目,,待确认,,,3C代理费相关的费用，具体概念和收费标准需根据实际业务需求进一步确认。,应付,550046,"Charges related to 3C代理费, specific concept and rates need further confirmation based on actual business requirements."
FC0228,能效证办理费,,,CNY,应税,专票/普票,特殊科目,,待确认,,,能效证办理费相关的费用，具体概念和收费标准需根据实际业务需求进一步确认。,应付,55096,"Charges related to 能效证办理费, specific concept and rates need further confirmation based on actual business requirements."
FC0229,异地放单费,,,CNY,应税,专票/普票,特殊科目,,待确认,,,异地放单费相关的费用，具体概念和收费标准需根据实际业务需求进一步确认。,应付,0332,"Charges related to 异地放单费, specific concept and rates need further confirmation based on actual business requirements."
FC0230,产地证代理费,,,CNY,应税,专票/普票,特殊科目,,待确认,,,产地证代理费相关的费用，具体概念和收费标准需根据实际业务需求进一步确认。,应付,"58999, 0301","Charges related to 产地证代理费, specific concept and rates need further confirmation based on actual business requirements."
FC0231,签单费,,,CNY,应税,专票/普票,特殊科目,,待确认,,,签单费相关的费用，具体概念和收费标准需根据实际业务需求进一步确认。,应付,0115,"Charges related to 签单费, specific concept and rates need further confirmation based on actual business requirements."
FC0232,舱单费,,,CNY,应税,专票/普票,单证文件费用,舱单,船公司/船代,,,向海关申报船舶载运货物舱单信息的费用，是海运必备程序。,应付,CS001012,"Fee for manifest declaration to customs authorities, a mandatory procedure for ocean shipping."
FC0233,交货记录费,,,CNY,应税,专票/普票,特殊科目,,待确认,,,交货记录费相关的费用，具体概念和收费标准需根据实际业务需求进一步确认。,应付,"CSN053  , CSN053","Charges related to 交货记录费, specific concept and rates need further confirmation based on actual business requirements."
FC0234,鉴定费,,,CNY,应税,专票/普票,增值服务费用,,服务商,,,鉴定费，为货物提供增值服务时产生的费用，具体收费标准和适用场景需根据实际业务情况确定。,应付,CQ001012,"鉴定费, charges related to 为货物提供增值服务时产生的费用, specific rates and applicable scenarios depend on actual business conditions."
FC0235,补录进口舱单费,,,CNY,应税,专票/普票,单证文件费用,舱单,船公司/船代,,,补录进口舱单费，向海关申报船舶载运货物舱单信息的费用，是海运必备程序。,应付,55253,"补录进口舱单费, Fee for manifest declaration to customs authorities, a mandatory procedure for ocean shipping."
FC0236,邮戳费,Stamp Fee,,CNY,应税,专票/普票,特殊科目,,待确认,,,邮戳费相关的费用，具体概念和收费标准需根据实际业务需求进一步确认。,应付,55913,"Charges related to 邮戳费, specific concept and rates need further confirmation based on actual business requirements."
FC0237,入库代理费,,,CNY,应税,专票/普票,装卸费用,仓储,装卸公司,,,入库代理费，货物装卸操作过程中产生的费用，具体收费标准和适用场景需根据实际业务情况确定。,应付,OPN075,"入库代理费, charges related to 货物装卸操作过程中产生的费用, specific rates and applicable scenarios depend on actual business conditions."
FC0238,入区代理费,,,CNY,应税,专票/普票,特殊科目,,待确认,,,入区代理费相关的费用，具体概念和收费标准需根据实际业务需求进一步确认。,应付,OPN074,"Charges related to 入区代理费, specific concept and rates need further confirmation based on actual business requirements."
FC0239,文件传输及申报费,,,CNY,应税,专票/普票,单证文件费用,"报关,舱单",船公司/代理,,,文件传输及申报费，单证文件制作、传输、申报等产生的费用，具体收费标准和适用场景需根据实际业务情况确定。,应付,,"文件传输及申报费, charges related to 单证文件制作、传输、申报等产生的费用, specific rates and applicable scenarios depend on actual business conditions."
FC0240,运抵更改费,,,CNY,应税,专票/普票,特殊科目,,待确认,,,运抵更改费相关的费用，具体概念和收费标准需根据实际业务需求进一步确认。,应付,655237,"Charges related to 运抵更改费, specific concept and rates need further confirmation based on actual business requirements."
FC0241,改单费,,,CNY,应税,专票/普票,特殊科目,,待确认,,,改单费相关的费用，具体概念和收费标准需根据实际业务需求进一步确认。,应付,"CS001007, 55192","Charges related to 改单费, specific concept and rates need further confirmation based on actual business requirements."
FC0242,集装箱核实重量费,,VGM,CNY,应税,专票/普票,集装箱费用,内装,船公司/箱东,,,集装箱核实重量费，集装箱使用过程中产生的相关费用，具体收费标准和适用场景需根据实际业务情况确定。,应付,,"集装箱核实重量费, charges related to 集装箱使用过程中产生的相关费用, specific rates and applicable scenarios depend on actual business conditions."
FC0243,VGM更改费,,,CNY,应税,专票/普票,单证文件费用,,船公司/代理,,,VGM更改费，单证文件制作、传输、申报等产生的费用，具体收费标准和适用场景需根据实际业务情况确定。,应付,55078,"VGM更改费, charges related to 单证文件制作、传输、申报等产生的费用, specific rates and applicable scenarios depend on actual business conditions."
FC0244,舱单更改费,,,CNY,应税,专票/普票,单证文件费用,舱单,船公司/代理,,,舱单更改费，单证文件制作、传输、申报等产生的费用，具体收费标准和适用场景需根据实际业务情况确定。,应付,0303,"舱单更改费, charges related to 单证文件制作、传输、申报等产生的费用, specific rates and applicable scenarios depend on actual business conditions."
FC0245,美国进口安全申报费,,,CNY,应税,专票/普票,单证文件费用,"报关,舱单",船公司/代理,,,美国进口安全申报费，单证文件制作、传输、申报等产生的费用，具体收费标准和适用场景需根据实际业务情况确定。,应付,"550026  , 55150","美国进口安全申报费, charges related to 单证文件制作、传输、申报等产生的费用, specific rates and applicable scenarios depend on actual business conditions."
FC0246,AES信息传输费,,,CNY,应税,专票/普票,特殊科目,,待确认,,,AES信息传输费相关的费用，具体概念和收费标准需根据实际业务需求进一步确认。,应付,CS001021,"Charges related to AES信息传输费, specific concept and rates need further confirmation based on actual business requirements."
FC0247,VGM传输费,,,CNY,应税,专票/普票,单证文件费用,,船公司/信息服务商,,,VGM(Verified Gross Mass)集装箱核实重量信息传输费，向相关部门传输集装箱核实重量信息的费用。,应付,55914,VGM (Verified Gross Mass) transmission fee for sending container weight verification information to relevant authorities.
FC0248,危险品申报费,,,CNY,应税,专票/普票,单证文件费用,"报关,舱单",船公司/代理,,,危险品申报费，单证文件制作、传输、申报等产生的费用，具体收费标准和适用场景需根据实际业务情况确定。,应付,"SEA01066, 55738","危险品申报费, charges related to 单证文件制作、传输、申报等产生的费用, specific rates and applicable scenarios depend on actual business conditions."
FC0249,有毒物质申报费,,,CNY,应税,专票/普票,单证文件费用,"报关,舱单",船公司/代理,,,有毒物质申报费，单证文件制作、传输、申报等产生的费用，具体收费标准和适用场景需根据实际业务情况确定。,应付,55842,"有毒物质申报费, charges related to 单证文件制作、传输、申报等产生的费用, specific rates and applicable scenarios depend on actual business conditions."
FC0250,舱单申报费,,,CNY,应税,专票/普票,单证文件费用,"报关,舱单",船公司/代理,,,舱单申报费，单证文件制作、传输、申报等产生的费用，具体收费标准和适用场景需根据实际业务情况确定。,应付,"55775, SEA01018","舱单申报费, charges related to 单证文件制作、传输、申报等产生的费用, specific rates and applicable scenarios depend on actual business conditions."
FC0251,信息费,,,CNY,应税,专票/普票,特殊科目,,待确认,,,信息费相关的费用，具体概念和收费标准需根据实际业务需求进一步确认。,应付,,"Charges related to 信息费, specific concept and rates need further confirmation based on actual business requirements."
FC0252,更改费,,,CNY,应税,专票/普票,特殊科目,,待确认,,,更改费相关的费用，具体概念和收费标准需根据实际业务需求进一步确认。,应付,"CSN045  , CSN045","Charges related to 更改费, specific concept and rates need further confirmation based on actual business requirements."
FC0253,删单费,,,CNY,应税,专票/普票,特殊科目,,待确认,,,删单费相关的费用，具体概念和收费标准需根据实际业务需求进一步确认。,应付,CS001006,"Charges related to 删单费, specific concept and rates need further confirmation based on actual business requirements."
FC0254,运抵费,,,CNY,应税,专票/普票,特殊科目,,待确认,,,运抵费相关的费用，具体概念和收费标准需根据实际业务需求进一步确认。,应付,SEA01031,"Charges related to 运抵费, specific concept and rates need further confirmation based on actual business requirements."
FC0255,文件申报罚金,,,CNY,应税,专票/普票,单证文件费用,"报关,舱单",船公司/代理,,,文件申报罚金，单证文件制作、传输、申报等产生的费用，具体收费标准和适用场景需根据实际业务情况确定。,应付,655257,"文件申报罚金, charges related to 单证文件制作、传输、申报等产生的费用, specific rates and applicable scenarios depend on actual business conditions."
FC0256,拍照费,,,CNY,应税,专票/普票,特殊科目,,待确认,,,拍照费相关的费用，具体概念和收费标准需根据实际业务需求进一步确认。,应付,SEAN085,"Charges related to 拍照费, specific concept and rates need further confirmation based on actual business requirements."
FC0257,包装检查费,,,CNY,应税,专票/普票,增值服务费用,"加固,质量控制",服务商,,,包装检查费，为货物提供增值服务时产生的费用，具体收费标准和适用场景需根据实际业务情况确定。,应付,CQ001018,"包装检查费, charges related to 为货物提供增值服务时产生的费用, specific rates and applicable scenarios depend on actual business conditions."
FC0258,监理费,,,CNY,应税,专票/普票,特殊科目,质量控制,待确认,,,监理费相关的费用，具体概念和收费标准需根据实际业务需求进一步确认。,应付,CSN036,"Charges related to 监理费, specific concept and rates need further confirmation based on actual business requirements."
FC0259,现场服务费,,,CNY,应税,专票/普票,特殊科目,质量控制,待确认,,,现场服务费相关的费用，具体概念和收费标准需根据实际业务需求进一步确认。,应付,"55157   , 55128, 55157","Charges related to 现场服务费, specific concept and rates need further confirmation based on actual business requirements."
FC0260,日本舱单申报费,,,CNY,应税,专票/普票,单证文件费用,"报关,舱单",船公司/代理,,,日本舱单申报费，单证文件制作、传输、申报等产生的费用，具体收费标准和适用场景需根据实际业务情况确定。,应付,550045,"日本舱单申报费, charges related to 单证文件制作、传输、申报等产生的费用, specific rates and applicable scenarios depend on actual business conditions."
FC0261,欧洲舱单申报费,,,CNY,应税,专票/普票,单证文件费用,"报关,舱单",船公司/代理,,,欧洲舱单申报费，单证文件制作、传输、申报等产生的费用，具体收费标准和适用场景需根据实际业务情况确定。,应付,"SEA01111, 655232","欧洲舱单申报费, charges related to 单证文件制作、传输、申报等产生的费用, specific rates and applicable scenarios depend on actual business conditions."
FC0262,加拿大舱单申报费,,,CNY,应税,专票/普票,单证文件费用,"报关,舱单",船公司/代理,,,加拿大舱单申报费，单证文件制作、传输、申报等产生的费用，具体收费标准和适用场景需根据实际业务情况确定。,应付,SEA01110,"加拿大舱单申报费, charges related to 单证文件制作、传输、申报等产生的费用, specific rates and applicable scenarios depend on actual business conditions."
FC0263,美国舱单申报费,,,CNY,应税,专票/普票,单证文件费用,"报关,舱单",船公司/代理,,,美国舱单申报费，单证文件制作、传输、申报等产生的费用，具体收费标准和适用场景需根据实际业务情况确定。,应付,"SEA01109, 655231","美国舱单申报费, charges related to 单证文件制作、传输、申报等产生的费用, specific rates and applicable scenarios depend on actual business conditions."
FC0264,NVOCC代发分单反恐信息费,,,CNY,应税,专票/普票,特殊科目,HBL,待确认,,,NVOCC代发分单反恐信息费相关的费用，具体概念和收费标准需根据实际业务需求进一步确认。,应付,,"Charges related to NVOCC代发分单反恐信息费, specific concept and rates need further confirmation based on actual business requirements."
FC0265,美国舱单更改费,,,CNY,应税,专票/普票,单证文件费用,舱单,船公司/代理,,,美国舱单更改费，单证文件制作、传输、申报等产生的费用，具体收费标准和适用场景需根据实际业务情况确定。,应付,8013,"美国舱单更改费, charges related to 单证文件制作、传输、申报等产生的费用, specific rates and applicable scenarios depend on actual business conditions."
FC0266,设备使用及租赁费用,,,CNY,应税,专票/普票,特殊科目,设备保护,待确认,,,设备使用及租赁费用相关的费用，具体概念和收费标准需根据实际业务需求进一步确认。,应付,,"Charges related to 设备使用及租赁费用, specific concept and rates need further confirmation based on actual business requirements."
FC0267,叉车费,,,CNY,应税,专票/普票,特殊科目,,待确认,,,叉车费相关的费用，具体概念和收费标准需根据实际业务需求进一步确认。,应付,"WMS01003, 55773, AIR01001","Charges related to 叉车费, specific concept and rates need further confirmation based on actual business requirements."
FC0268,板架租赁费,,,CNY,应税,专票/普票,特殊科目,,待确认,,,板架租赁费相关的费用，具体概念和收费标准需根据实际业务需求进一步确认。,应付,55818,"Charges related to 板架租赁费, specific concept and rates need further confirmation based on actual business requirements."
FC0269,GPS使用费,,,CNY,应税,专票/普票,特殊科目,设备保护,待确认,,,GPS使用费相关的费用，具体概念和收费标准需根据实际业务需求进一步确认。,应付,"550059  , 55173","Charges related to GPS使用费, specific concept and rates need further confirmation based on actual business requirements."
FC0270,电子密钥费,,,CNY,应税,专票/普票,特殊科目,,待确认,,,电子密钥费相关的费用，具体概念和收费标准需根据实际业务需求进一步确认。,应付,55093,"Charges related to 电子密钥费, specific concept and rates need further confirmation based on actual business requirements."
FC0271,叉车租赁费,,,CNY,应税,专票/普票,特殊科目,,待确认,,,叉车租赁费相关的费用，具体概念和收费标准需根据实际业务需求进一步确认。,应付,55837,"Charges related to 叉车租赁费, specific concept and rates need further confirmation based on actual business requirements."
FC0272,机动车租赁,,,CNY,应税,专票/普票,特殊科目,,待确认,,,机动车租赁相关的费用，具体概念和收费标准需根据实际业务需求进一步确认。,应付,,"Charges related to 机动车租赁, specific concept and rates need further confirmation based on actual business requirements."
FC0273,吊车租赁费,,,CNY,应税,专票/普票,特殊科目,,待确认,,,吊车租赁费相关的费用，具体概念和收费标准需根据实际业务需求进一步确认。,应付,"55179   , 55179","Charges related to 吊车租赁费, specific concept and rates need further confirmation based on actual business requirements."
FC0274,PAD租赁费,,,CNY,应税,专票/普票,特殊科目,,待确认,,,PAD租赁费相关的费用，具体概念和收费标准需根据实际业务需求进一步确认。,应付,,"Charges related to PAD租赁费, specific concept and rates need further confirmation based on actual business requirements."
FC0275,增值服务费,,,CNY,应税,专票/普票,特殊科目,,待确认,,,增值服务费相关的费用，具体概念和收费标准需根据实际业务需求进一步确认。,应付,,"Charges related to 增值服务费, specific concept and rates need further confirmation based on actual business requirements."
FC0276,物流准备服务,,,CNY,应税,专票/普票,特殊科目,,待确认,,,物流准备服务相关的费用，具体概念和收费标准需根据实际业务需求进一步确认。,应付,,"Charges related to 物流准备服务, specific concept and rates need further confirmation based on actual business requirements."
FC0277,质量控制,,,CNY,应税,专票/普票,特殊科目,质量控制,待确认,,,质量控制相关的费用，具体概念和收费标准需根据实际业务需求进一步确认。,应付,,"Charges related to 质量控制, specific concept and rates need further confirmation based on actual business requirements."
FC0278,GPS安装费,,,CNY,应税,专票/普票,特殊科目,设备保护,待确认,,,GPS安装费相关的费用，具体概念和收费标准需根据实际业务需求进一步确认。,应付,WMSN085,"Charges related to GPS安装费, specific concept and rates need further confirmation based on actual business requirements."
FC0279,核酸检测费,,,CNY,应税,专票/普票,增值服务费用,,服务商,,,核酸检测费，为货物提供增值服务时产生的费用，具体收费标准和适用场景需根据实际业务情况确定。,应付,55858,"核酸检测费, charges related to 为货物提供增值服务时产生的费用, specific rates and applicable scenarios depend on actual business conditions."
FC0280,包装,,,CNY,应税,专票/普票,增值服务费用,加固,服务商,,,包装，为货物提供增值服务时产生的费用，具体收费标准和适用场景需根据实际业务情况确定。,应付,,"包装, charges related to 为货物提供增值服务时产生的费用, specific rates and applicable scenarios depend on actual business conditions."
FC0281,加固费,,,CNY,应税,专票/普票,增值服务费用,加固,服务商,,,加固费，为货物提供增值服务时产生的费用，具体收费标准和适用场景需根据实际业务情况确定。,应付,"SEAN097 , 55251","加固费, charges related to 为货物提供增值服务时产生的费用, specific rates and applicable scenarios depend on actual business conditions."
FC0282,托盘费,,,CNY,应税,专票/普票,增值服务费用,托盘,服务商,,,托盘费，为货物提供增值服务时产生的费用，具体收费标准和适用场景需根据实际业务情况确定。,应付,WMS01013,"托盘费, charges related to 为货物提供增值服务时产生的费用, specific rates and applicable scenarios depend on actual business conditions."
FC0283,包装费,,,CNY,应税,专票/普票,增值服务费用,加固,服务商,,,包装费，为货物提供增值服务时产生的费用，具体收费标准和适用场景需根据实际业务情况确定。,应付,"0326    , 55283, 55661","包装费, charges related to 为货物提供增值服务时产生的费用, specific rates and applicable scenarios depend on actual business conditions."
FC0284,材料费,,,CNY,应税,专票/普票,特殊科目,,待确认,,,材料费相关的费用，具体概念和收费标准需根据实际业务需求进一步确认。,应付,OP001019,"Charges related to 材料费, specific concept and rates need further confirmation based on actual business requirements."
FC0285,组板费,,,CNY,应税,专票/普票,特殊科目,,待确认,,,组板费相关的费用，具体概念和收费标准需根据实际业务需求进一步确认。,应付,55880,"Charges related to 组板费, specific concept and rates need further confirmation based on actual business requirements."
FC0286,拼装材料费,,,CNY,应税,专票/普票,特殊科目,,待确认,,,拼装材料费相关的费用，具体概念和收费标准需根据实际业务需求进一步确认。,应付,55845,"Charges related to 拼装材料费, specific concept and rates need further confirmation based on actual business requirements."
FC0287,其他准备服务,,,CNY,应税,专票/普票,特殊科目,,待确认,,,其他准备服务相关的费用，具体概念和收费标准需根据实际业务需求进一步确认。,应付,,"Charges related to 其他准备服务, specific concept and rates need further confirmation based on actual business requirements."
FC0288,危标费,,,CNY,应税,专票/普票,特殊科目,,待确认,,,危标费相关的费用，具体概念和收费标准需根据实际业务需求进一步确认。,应付,"55271   , 55271","Charges related to 危标费, specific concept and rates need further confirmation based on actual business requirements."
FC0289,贴标费,,,CNY,应税,专票/普票,增值服务费用,贴唛,服务商,,,贴标费，为货物提供增值服务时产生的费用，具体收费标准和适用场景需根据实际业务情况确定。,应付,55759,"贴标费, charges related to 为货物提供增值服务时产生的费用, specific rates and applicable scenarios depend on actual business conditions."
FC0290,熏蒸费,,,CNY,应税,专票/普票,增值服务费用,熏蒸,熏蒸公司,,,对木质包装或货物进行除虫杀菌处理的费用，符合进口国植检要求。,应付,CQ001002,Fumigation fee for pest and bacteria treatment of wooden packaging or cargo to meet import country phytosanitary requirements.
FC0291,检测鉴定费,,,CNY,应税,专票/普票,增值服务费用,,服务商,,,检测鉴定费，为货物提供增值服务时产生的费用，具体收费标准和适用场景需根据实际业务情况确定。,应付,"550056  , 55771","检测鉴定费, charges related to 为货物提供增值服务时产生的费用, specific rates and applicable scenarios depend on actual business conditions."
FC0292,过磅费,,,CNY,应税,专票/普票,特殊科目,,待确认,,,过磅费相关的费用，具体概念和收费标准需根据实际业务需求进一步确认。,应付,"OPN056  , OPN056","Charges related to 过磅费, specific concept and rates need further confirmation based on actual business requirements."
FC0293,消毒费,,,CNY,应税,专票/普票,增值服务费用,熏蒸,服务商,,,消毒费，为货物提供增值服务时产生的费用，具体收费标准和适用场景需根据实际业务情况确定。,应付,CQ001005,"消毒费, charges related to 为货物提供增值服务时产生的费用, specific rates and applicable scenarios depend on actual business conditions."
FC0294,贸易服务,,,CNY,应税,专票/普票,特殊科目,,待确认,,,贸易服务相关的费用，具体概念和收费标准需根据实际业务需求进一步确认。,应付,,"Charges related to 贸易服务, specific concept and rates need further confirmation based on actual business requirements."
FC0295,会展服务,,,CNY,应税,专票/普票,特殊科目,,待确认,,,会展服务相关的费用，具体概念和收费标准需根据实际业务需求进一步确认。,应付,,"Charges related to 会展服务, specific concept and rates need further confirmation based on actual business requirements."
FC0296,场馆管理费,,,CNY,应税,专票/普票,特殊科目,,待确认,,,场馆管理费相关的费用，具体概念和收费标准需根据实际业务需求进一步确认。,应付,55115,"Charges related to 场馆管理费, specific concept and rates need further confirmation based on actual business requirements."
FC0297,ISF保证金,,,CNY,应税,专票/普票,特殊科目,,待确认,,,ISF保证金相关的费用，具体概念和收费标准需根据实际业务需求进一步确认。,应付,"55149   , 55149","Charges related to ISF保证金, specific concept and rates need further confirmation based on actual business requirements."
FC0298,进馆费,,,CNY,应税,专票/普票,特殊科目,,待确认,,,进馆费相关的费用，具体概念和收费标准需根据实际业务需求进一步确认。,应付,"55087   , 55144","Charges related to 进馆费, specific concept and rates need further confirmation based on actual business requirements."
FC0299,施工费,,,CNY,应税,专票/普票,特殊科目,,待确认,,,施工费相关的费用，具体概念和收费标准需根据实际业务需求进一步确认。,应付,"55127   , 55127","Charges related to 施工费, specific concept and rates need further confirmation based on actual business requirements."
FC0300,展品附加费,,,CNY,应税,专票/普票,跨境运输费用,,船公司/航空公司,,,展品附加费，跨境运输过程中产生的费用，具体收费标准和适用场景需根据实际业务情况确定。,应付,"55125   , 55125","展品附加费, charges related to 跨境运输过程中产生的费用, specific rates and applicable scenarios depend on actual business conditions."
FC0301,IT服务,,,CNY,应税,专票/普票,特殊科目,,待确认,,,IT服务相关的费用，具体概念和收费标准需根据实际业务需求进一步确认。,应付,,"Charges related to IT服务, specific concept and rates need further confirmation based on actual business requirements."
FC0302,IT服务费,,,CNY,应税,专票/普票,特殊科目,,待确认,,,IT服务费相关的费用，具体概念和收费标准需根据实际业务需求进一步确认。,应付,"55136   , 55136","Charges related to IT服务费, specific concept and rates need further confirmation based on actual business requirements."
FC0303,贸易代理费,,,CNY,应税,专票/普票,特殊科目,,待确认,,,贸易代理费相关的费用，具体概念和收费标准需根据实际业务需求进一步确认。,应付,"55143   , 55143","Charges related to 贸易代理费, specific concept and rates need further confirmation based on actual business requirements."
FC0304,人工费用,,,CNY,应税,专票/普票,特殊科目,,待确认,,,人工费用相关的费用，具体概念和收费标准需根据实际业务需求进一步确认。,应付,,"Charges related to 人工费用, specific concept and rates need further confirmation based on actual business requirements."
FC0305,人工费,,,CNY,应税,专票/普票,特殊科目,,待确认,,,人工费相关的费用，具体概念和收费标准需根据实际业务需求进一步确认。,应付,"OP001012, 55148, SEA01010","Charges related to 人工费, specific concept and rates need further confirmation based on actual business requirements."
FC0306,自有车辆驾驶员人工费,,,CNY,应税,专票/普票,特殊科目,,待确认,,,自有车辆驾驶员人工费相关的费用，具体概念和收费标准需根据实际业务需求进一步确认。,应付,"55164   , 55164","Charges related to 自有车辆驾驶员人工费, specific concept and rates need further confirmation based on actual business requirements."
FC0307,预约加班费,,,CNY,应税,专票/普票,特殊科目,,待确认,,,预约加班费相关的费用，具体概念和收费标准需根据实际业务需求进一步确认。,应付,"55188   , 55188","Charges related to 预约加班费, specific concept and rates need further confirmation based on actual business requirements."
FC0308,利润分配,,,CNY,应税,专票/普票,特殊科目,,待确认,,,利润分配相关的费用，具体概念和收费标准需根据实际业务需求进一步确认。,应付,,"Charges related to 利润分配, specific concept and rates need further confirmation based on actual business requirements."
FC0309,利润分成,,,CNY,应税,专票/普票,特殊科目,,待确认,,,利润分成相关的费用，具体概念和收费标准需根据实际业务需求进一步确认。,应付,0102,"Charges related to 利润分成, specific concept and rates need further confirmation based on actual business requirements."
FC0310,砍泡分成,,,CNY,应税,专票/普票,特殊科目,,待确认,,,砍泡分成相关的费用，具体概念和收费标准需根据实际业务需求进一步确认。,应付,854,"Charges related to 砍泡分成, specific concept and rates need further confirmation based on actual business requirements."
FC0311,利润返还,,,CNY,应税,专票/普票,特殊科目,,待确认,,,利润返还相关的费用，具体概念和收费标准需根据实际业务需求进一步确认。,应付,"55812   , 0116, 55175","Charges related to 利润返还, specific concept and rates need further confirmation based on actual business requirements."
FC0312,订舱佣金,,,CNY,应税,专票/普票,特殊科目,订舱,待确认,,,订舱佣金相关的费用，具体概念和收费标准需根据实际业务需求进一步确认。,应付,550016,"Charges related to 订舱佣金, specific concept and rates need further confirmation based on actual business requirements."
FC0313,特殊科目,,,CNY,应税,专票/普票,特殊科目,,待确认,,,特殊科目相关的费用，具体概念和收费标准需根据实际业务需求进一步确认。,应付,,"Charges related to 特殊科目, specific concept and rates need further confirmation based on actual business requirements."
FC0314,包干费,,,CNY,应税,专票/普票,特殊科目,,待确认,,,包干费相关的费用，具体概念和收费标准需根据实际业务需求进一步确认。,应付,"OPN068  , 8010, OPN068","Charges related to 包干费, specific concept and rates need further confirmation based on actual business requirements."
FC0315,服务费,,,CNY,应税,专票/普票,特殊科目,,待确认,,,服务费相关的费用，具体概念和收费标准需根据实际业务需求进一步确认。,应付,0063,"Charges related to 服务费, specific concept and rates need further confirmation based on actual business requirements."
FC0316,门到门费用,,,CNY,应税,专票/普票,特殊科目,,待确认,,,门到门费用相关的费用，具体概念和收费标准需根据实际业务需求进一步确认。,应付,0081,"Charges related to 门到门费用, specific concept and rates need further confirmation based on actual business requirements."
FC0317,内陆费用,,,CNY,应税,专票/普票,特殊科目,,待确认,,,内陆费用相关的费用，具体概念和收费标准需根据实际业务需求进一步确认。,应付,0322,"Charges related to 内陆费用, specific concept and rates need further confirmation based on actual business requirements."
FC0318,附加费,,,CNY,应税,专票/普票,跨境运输费用,,船公司/航空公司,,,附加费，跨境运输过程中产生的费用，具体收费标准和适用场景需根据实际业务情况确定。,应付,655233,"附加费, charges related to 跨境运输过程中产生的费用, specific rates and applicable scenarios depend on actual business conditions."
FC0319,补贴申请服务费,,,CNY,应税,专票/普票,特殊科目,,待确认,,,补贴申请服务费相关的费用，具体概念和收费标准需根据实际业务需求进一步确认。,应付,55915,"Charges related to 补贴申请服务费, specific concept and rates need further confirmation based on actual business requirements."
FC0320,港口作业包干费,,,CNY,应税,专票/普票,码头/港口/场站费用,,码头/场站,,,港口作业包干费，在码头、港口、场站进行作业时产生的费用，具体收费标准和适用场景需根据实际业务情况确定。,应付,OPN076,"港口作业包干费, charges related to 在码头、港口、场站进行作业时产生的费用, specific rates and applicable scenarios depend on actual business conditions."
FC0321,产品附加费,,,CNY,应税,专票/普票,跨境运输费用,,船公司/航空公司,,,产品附加费，跨境运输过程中产生的费用，具体收费标准和适用场景需根据实际业务情况确定。,应付,,"产品附加费, charges related to 跨境运输过程中产生的费用, specific rates and applicable scenarios depend on actual business conditions."
